matricule;impaye;encaissement
00B001;;
00B003;;
00B004;;
00B005;;
00B007;;
00B008;;
00B009;;
00B011;;
00B014;245000;
00B015;;
00B017;;
00B018;;
00B019;;
00B020;;
00B022;;
00B025;;
00B028;;
00B030;;
00B032;;
00B033;815000;
00B034;;
00B035;;
00B037;;
00B038;;
00B039;;
00B042;;
00B044;;
01B001;;
01B002;;
01B005;;
01B006;;
01B008;;
01B009;;
01B011;1910000;
01B014;;
01B015;;
01B017;;
01B018;;
01B019;;
01B023;;
01B024;;
01B025;;
01B026;;
01B027;;
01B028;;
01B029;;
01B031;;
01B032;;
01B033;;
01B034;;
01B037;;
01B039;;
01B042;;510000
01B043;;
01B044;;
01B046;;
01B047;;
01B049;;
01B050;;
01B051;;
01B052;;
01B053;;
01B055;;
01B056;;
01B057;;
01B058;;
01B059;;
01B060;;
01B062;;
01B065;;
01B066;;
01B067;;
01B069;;
01B071;;
01B072;;
01B075;;
01B076;;
01B079;;
01B080;;
01B082;1125000;
01B083;;
01B084;;
01B086;400000;
01B087;;
01B090;;
01B092;;
01B093;665000;
01B094;;
01B095;960000;
02B001;;
02B003;;
02B004;;
02B005;;
02B006;;
02B007;;
02B008;;
02B009;;
02B011;;
02B012;;
02B013;;
02B014;;
02B016;;
02B020;;
02B021;;
02B022;;
02B023;;
02B027;;
02B028;;
02B029;;
02B030;;
02B032;;
02B033;55000;
02B034;;
02B037;;
02B039;;
02B040;;
02B041;;
02B042;;
02B043;;
02B044;;
02B046;;
02B047;;
02B048;;
02B049;;
02B050;;
02B051;;
02B053;;
02B054;;
02B055;;
02B056;;
02B057;5000;
02B059;;
02B061;;
02B062;815000;
02B063;;
02B064;;
02B066;130000;
02C009;;
03B001;;
03B002;;
03B003;;
03B004;;
03B005;;
03B006;;
03B007;;
03B008;;
03B010;550000;
03B011;;
03B012;;
03B013;;
03B016;4525000;
03B017;;
03B018;;
03B021;;
03B022;;
03B023;;
03B025;;
03B026;;
03B027;;
03B028;;
03B029;;
03B030;;
03B032;;
03B033;;
03B034;;
03B035;;
03B036;;
03B037;;
03B039;;7000
03B040;;
03B041;;
03B043;;
03B044;;
03B046;;
03B047;;
03B048;;
03B049;;
03B050;;
03B051;2510000;
03B052;;
03B053;;
03B054;;
03C006;;
04B001;;
04B002;;
04B003;;
04B004;;
04B005;;
04B006;;
04B007;;
04B008;;
04B010;;
04B011;;
04B012;;
04B013;;115000
04B014;;
04B015;;
04B016;;
04B017;;
04B018;;
04B019;;
04B021;;
04B022;;
04B023;;
04B025;;
04B026;;
04B027;;
04B028;;
04B029;;
04B030;;
04B031;;
04B032;;
04B033;;
04B034;;
04B035;;
04B036;;
04B037;;
04B038;;
04B039;;
04B040;;
04B041;;
04B043;;
04B044;;
04B045;;
04B046;;
04B047;;
04B048;;
04B049;;
04B050;;
04B051;;
04B052;;
04B053;;
04B054;;
04B055;;
04B056;;
04B057;;
04B058;;
04B059;;
04B060;;
04B061;;
04B062;;
04B063;3486000;
04B064;;
04B065;;
04B066;;
04B067;;
04B068;;
04B069;;
04B070;;
04B071;;
04B072;;
04B073;;
04B074;;
04B075;;
04B076;;
04B077;;
04B078;;17500
04B080;;
04B081;;
04B082;;
04B083;;
04B084;;
04C001;;
04C002;;
04C003;;
04C004;;
04C005;;
04C006;;
04C007;;
04C010;;
04C011;;
04C012;;
04C015;;
05B001;;
05B002;;
05B004;2310000;
05B005;;
05B006;;
05B008;2385000;
05B009;;
05B010;2530000;
05B011;;
05B012;;
05B013;;
05B014;;
05B015;;
05B016;;
05B017;;
05B018;;
05B019;;
05B020;;
05B021;;
05B022;;
05B023;;
05B024;;
05B025;;
05B026;;
05B027;;
05B028;;
05B029;;
05B030;;
05B031;;
05B032;;
05B033;;
05B034;;
05B035;;
05B036;;
05B037;;
05B038;2203000;
05B039;;505000
05B041;;
05B042;;
05B043;;7500
05B044;;
05B045;;
05B046;;
05B047;;
05B048;;
05B049;;
05B050;;
05B051;;
05B052;;
05B053;;
05B054;;
05B055;;
05B056;;
05B057;;
05B059;;
05B060;;
05B061;;
05B062;;
05B063;;
05B064;;
05B065;;
05B066;;
05B067;;
05B068;;
05B069;;
05B070;;
05B071;;
05B072;;
05B073;;
05B074;;
05B075;;
05B076;;
05B077;;
05B078;;
05B080;;
05B081;;
05B082;;
05B083;;
05B084;;
05B085;;
05B086;;
05B087;;
05B088;;
05B089;;
05B090;;
05B091;;
05B092;;
05B093;;
05B094;;
05B095;;
05B096;;
05B097;;
05B098;;
05B099;;
05B100;;
05B101;;
05B102;;
05B103;;
05B104;90000;
05B105;;
05B106;;
05B107;;
05B108;;
05B109;;
05B110;;
05B111;500000;
05B112;;
05B113;;
05B114;;
05B115;;
05B116;;
05B117;;
05C001;;
05C002;;
05C004;;
05C005;;
05C006;;
05C007;;
05C009;;
05C010;;
05C011;;
05C012;;
05C013;;
05C014;;
05C015;;
05C016;;
05C017;;
05C018;;
05C019;;
05C021;;
05C022;;
06B001;;
06B002;;
06B003;;
06B004;;
06B005;;
06B006;;
06B007;;
06B008;;
06B009;;
06B010;;
06B011;;
06B012;;
06B013;;
06B014;;
06B015;;
06B016;;
06B017;;
06B018;;
06B019;;
06B020;;
06B021;;
06B022;;
06B023;;
06B024;;
06B025;;
06B026;;
06B027;;
06B028;;
06B029;;
06B030;;
06B031;;
06B032;;
06B033;;
06B034;;
06B035;;
06B036;;
06B037;;
06B038;;
06B039;;
06B040;;
06B041;;
06B042;;
06B043;;
06B044;;
06B045;;
06B046;;
06B047;;
06B048;;
06B049;;
06B050;;
06B051;;
06B052;;
06B053;;
06B054;;
06B055;;60000
06B056;;
06B057;;
06B058;;
06B059;;
06B060;;
06B061;;
06B062;;
06B063;;
06B064;;
06B065;;
06B066;;
06B068;;
06B069;;
06B070;;
06B071;;
06B072;;
06B073;;
06B074;;
06B075;;
06B076;;
06B077;;
06B078;;17500
06B079;;
06B080;;
06B081;;
06B082;;
06B083;;
06B084;;
06B085;;
06B086;;
06B087;;
06B088;;
06B089;;
06B090;;
06B091;;
06B092;;
06B093;;
06B094;;
06B095;;30000
06B096;;
06B097;;
06B098;;
06B099;;
06B100;;
06B101;;
06B102;;
06B103;;
06B104;;
06B105;;5000
06B106;;
06B107;;
06B108;;
06B109;;
06B110;;
06B111;;
06B112;;
06B113;;
06B114;;
06B115;;
06B116;;
06C001;;
06C002;;
06C003;;
06C004;;
06C005;;
06C006;;
06C007;;
06C008;175000;
06C009;;
06C010;;
06C011;;
06C012;;
06C013;;
06C014;;
06C015;25000;
06C016;;4000
06C017;;
06C018;;
06C019;;
06C020;;
06C021;;
06C022;177500;
06C023;;
06C024;;
06C025;;
06C026;;
06C027;;
06C028;;
06C029;;
06C030;;
07B001;;30000
07B002;;
07B003;;
07B004;;
07B005;;
07B006;;
07B007;;25000
07B008;;
07B009;;
07B010;;
07B011;;
07B012;;
07B013;;
07B014;;
07B015;;10000
07B016;;
07B017;;
07B018;;
07B019;;
07B020;;
07B021;;
07B022;;
07B023;;
07B024;;5000
07B025;;
07B026;;5000
07B027;;
07B028;;
07B029;;
07B030;;
07B031;;
07B032;;
07B033;;
07B034;;
07B035;;
07B036;;
07B037;;
07B038;;
07B039;;
07B040;;
07B041;;
07B042;;
07B043;;
07B044;;
07B045;;
07B046;;
07B047;;
07B048;;
07B049;;
07B050;;
07B051;;
07B052;;
07B053;;
07B054;;
07B055;;
07B056;;
07B057;;
07B058;;3000
07B059;;
07B060;;
07B061;;
07B062;;
07B063;;
07B064;;30000
07B065;;
07B066;;
07B067;;
07B068;;
07B069;;9000
07B070;;5000
07B071;;
07B072;;
07B073;;
07B074;;
07B075;;10000
07B076;;
07B077;;
07B078;;
07B079;;
07B080;;70000
07B081;;
07B082;;15000
07B083;;
07B084;;
07B085;;5000
07B086;;
07B087;;
07B088;;
07B089;;15000
07B090;;
07B091;;
07B092;;
07B093;;
07B094;;
07B095;;
07B096;;150500
07B097;;
07B098;;
07B099;;
07B100;;
07B101;;
07B102;;
07B103;;
07B104;;
07B105;;5000
07B106;;10000
07B107;;
07B108;;5000
07B109;;
07B110;;5227
07B111;;
07B112;;
07B113;;
07B114;;
07B115;;
07B116;;
07B117;;
07B118;;
07B119;;
07B120;;
07B121;;27500
07B122;;
07B123;;
07B124;;
07B125;;
07B126;;
07B127;;
07B128;;
07B129;;
07B130;;
07B131;;1000
07B132;;
07B133;;
07B134;;
07B135;;
07B136;;
07B137;;
07B138;;
07B139;;
07B140;;
07B141;;
07B142;;
07B143;;
07B144;;35000
07B145;;
07B146;;
07B147;;
07B148;;
07B149;;
07B150;;
07B151;;
07B152;;
07B153;;
07B154;;5000
07B155;;
07B156;;144000
07B157;;
07B158;;
07B159;;
07B160;;
07B161;;
07B162;;
07B163;;
07B164;;
07C001;;
07C002;;
07C003;;
07C004;;
07C005;;10000
07C006;;
07C007;;
07C008;;
07C009;;
07C010;;
07C011;;
07C012;;
07C013;;
07C014;;
07C015;;
07C016;;
07C017;;
07C018;;
07C019;;
07C020;;
07C021;;
07C022;;
07C023;;
07C024;;
07C025;;
07C026;;
07C027;;
07C028;;
07C029;52500;
07C030;;
07C031;;
07C032;;
07C033;;
07C034;;
07C035;;
07C036;;
07C037;;
07C038;;
07C039;;
07C040;;
07C041;;
07C042;;
07C043;;
07C044;;
07C045;;
07C046;;
07C047;;
07C048;;
07C049;250000;
07C050;;
07C051;;
07C052;;
07C053;;
07C054;;
07C055;;
07C056;;
07C057;2880000;
07C058;;
07C059;;
07C060;;
07C061;;
07C062;;
07C063;;
07C064;;
07C065;;
07C066;;
07C067;;
07C068;;
07C069;;
07C070;;
07C071;;
07C072;;
07C073;;
07C074;;20000
07C075;;
07C076;;
07C077;;
07C078;;
08B001;;
08B002;;
08B003;;
08B004;;5000
08B005;;
08B006;;
08B007;;
08B008;;
08B009;;
08B010;;
08B011;;
08B012;;
08B013;;
08B0136;;
08B014;;
08B015;;5000
08B016;;5000
08B017;;
08B018;;17500
08B019;;
08B020;;
08B021;;
08B022;;
08B023;;
08B024;;
08B025;;
08B026;;
08B027;;
08B028;;
08B029;;
08B030;;
08B031;;
08B032;;5000
08B033;;
08B034;;1089000
08B035;;
08B036;;
08B037;;5000
08B038;;
08B039;;
08B040;;
08B041;;
08B042;;5000
08B043;;
08B044;;
08B045;;
08B046;;
08B047;;255000
08B048;;
08B049;;
08B050;;
08B051;;
08B052;;
08B053;;
08B054;;6000
08B055;;
08B056;;
08B057;;
08B058;;
08B059;;
08B060;;
08B061;;
08B062;;
08B063;;
08B064;;
08B065;;
08B066;;105000
08B067;;
08B068;;
08B069;;
08B070;;
08B071;;
08B072;;5000
08B073;;
08B074;;
08B075;;
08B076;;
08B077;;
08B078;;
08B079;;5000
08B080;;
08B081;;
08B082;;5000
08B083;;10000
08B084;;7000
08B085;;
08B086;;2500
08B087;;
08B088;;
08B089;;
08B090;;
08B091;;
08B092;;
08B093;;
08B094;;
08B095;;
08B096;;5000
08B097;;
08B098;;5000
08B099;;
08B100;;
08B101;;
08B102;;
08B103;;
08B104;;
08B105;;20000
08B106;;
08B107;;
08B108;;
08B109;;
08B110;;
08B111;;55000
08B112;;
08B113;;
08B114;;5000
08B115;;5000
08B116;;
08B117;;
08B118;;
08B119;;
08B120;;
08B121;;45000
08B122;;
08B123;;
08B124;;
08B125;;
08B126;;15000
08B127;;
08B128;;
08B129;;
08B130;;
08B131;;
08B132;;
08B133;;
08B134;;
08B135;;
08B136;;
08B137;;
08B138;;
08B139;;
08B140;;
08B141;;10000
08B142;;
08B143;;
08B144;;
08B145;;
08B146;;
08B147;;
08B148;;
08B149;;
08B150;;
08B151;;
08B152;;
08B153;;
08B154;;
08B155;;
08B156;;
08B157;;
08B158;;
08B159;;
08B160;;
08B161;;
08B162;;
08B163;;
08B164;;
08B165;;
08B166;;5000
08B167;;
08B168;;
08B169;;
08B170;;
08B171;;
08B172;;
08B173;;
08B174;;
08B175;;
08B176;;
08B177;;
08B178;;
08B179;;
08B180;;
08B181;;
08B182;;
08B183;;
08B184;;10000
08B185;;
08B186;;
08B187;;
08B188;;
08B189;;
08B190;;
08B191;;
08B192;;
08B193;2920000;
08B194;;
08B195;;
08B196;;
08B197;;
08B198;;
08B199;;
08B200;;
08B201;;
08B202;;
08B203;;
08B204;;5000
08B205;;
08B206;;
08B207;;
08B208;;
08B209;;
08B210;;
08B211;;170000
08B212;;
08B213;;
08B214;;
08B215;;
08B216;;
08B217;;
08B218;;
08B219;;
08B220;;
08B221;;5000
08B222;;
08B223;;
08B224;;
08B225;;
08B226;;
08B227;;
08B228;;
08B229;;
08B230;;
08B231;;
08C001;;
08C002;;
08C003;;
08C004;;
08C005;610000;
08C006;;
08C007;607500;
08C008;;
08C009;;
08C010;;
08C011;;
08C012;;
08C013;;
08C014;;
08C015;1001427;
08C016;;
08C017;;
08C018;;
08C019;;
08C020;;
08C021;;
08C022;;
08C023;;
08C024;150000;
08C025;530000;
08C026;;
08C027;;
08C028;;
08C029;;
08C030;;
08C031;;
08C032;;
08C033;;
08C034;;
08C035;830000;
08C036;;
08C037;;
08C038;;
08C039;880000;
08C040;;
08C041;;
08C042;;
08C043;;
08C044;;
08C045;;
08C046;;
08C047;;
08C048;;
08C049;;
08C050;;
08C051;;
08C052;;
08C053;;
08C054;;
08C055;;
08C056;;
08C057;;
08C058;;
08C059;;
08C060;;
08C061;;
08C062;;
08C063;;
08C064;;
08C065;;
08C066;;
08C067;;
08C068;;
08C069;;
08C070;;
08C071;;
08C072;;
08C073;;
08C074;;
08C075;;
08C076;;
08C077;840000;
08C078;;
08C079;;
08C080;;
08C081;;
08C082;;
08C083;;
08C084;;
08C085;257500;
08C086;;
08C087;;
08C088;;
09B001;;
09B002;;
09B003;;
09B004;;
09B005;;
09B006;;
09B007;;55000
09B008;;95000
09B009;;
09B010;;
09B011;;
09B012;;5000
09B013;;
09B014;;140000
09B015;;2000
09B016;;
09B017;;
09B018;;
09B019;;
09B020;;95000
09B021;;
09B022;;77000
09B023;;
09B024;;
09B025;;
09B026;;
09B027;;
09B028;;
09B029;;
09B030;;
09B031;;
09B032;;
09B033;;
09B034;;10000
09B035;;
09B036;;
09B037;;1000
09B038;;
09B039;;
09B040;;
09B041;;3000
09B042;;
09B043;;
09B044;;
09B045;;
09B046;;
09B047;;
09B048;;
09B049;;
09B050;;
09B051;;
09B052;;
09B053;;
09B054;;
09B055;;
09B056;;
09B057;;1000
09B058;;
09B059;;49000
09B060;;
09B061;;
09B062;;
09B063;;500
09B064;;
09B065;;
09B066;;
09B067;;
09B068;;
09B069;;
09B070;;
09B071;;
09B072;;
09B073;;
09B074;;
09B075;;20000
09B076;;
09B077;;4000
09B078;;
09B079;;81000
09B080;;224000
09B081;;
09B082;;
09B083;;5000
09B084;;
09B085;;206000
09B086;;
09B087;295000;
09B088;;10000
09B089;;
09B090;;
09B091;;
09B092;;
09B093;;17000
09B094;;7500
09B095;;
09B096;;
09B097;;
09B098;;5000
09B099;;
09B100;;
09B101;;
09B102;;
09B103;;
09B104;;
09B105;;
09B106;;
09B107;;
09B108;;
09B109;;
09B110;;
09B111;;
09B112;;5000
09B113;;
09B114;;
09B115;;
09B116;;
09B117;;
09B118;;
09B119;;
09B120;;
09B121;;
09B122;;
09B123;;
09B124;;
09B125;;
09B126;;
09B127;;
09B128;;
09B129;;
09B130;;
09B131;;
09B132;;
09B133;;
09B134;;
09B135;;
09B136;;476000
09B137;;
09B138;;
09B139;;
09B140;;
09B141;;
09B142;;
09B143;;
09B144;;
09B145;;2500
09B146;;
09B147;;
09B148;;
09B149;;
09B150;;
09B151;;
09B152;;15000
09B153;;
09B154;;
09B155;;
09B156;;40000
09B157;;
09B158;;
09B159;;
09B160;;
09B161;;115000
09B162;;
09B163;;
09B164;;
09B165;;
09B166;;
09B167;;
09B168;;
09B169;;
09B170;;
09B171;;
09B172;;
09B173;;
09B174;;
09B175;;
09B176;;
09B177;;
09B178;;
09B179;;
09B180;;
09B181;;
09B182;;
09B183;;
09B184;;
09B185;;
09B186;;
09B187;;
09B188;;10000
09B189;;
09B190;;
09B191;;
09B192;;
09B193;;
09B194;;
09B195;;
09B196;;24000
09B197;;
09B198;;30000
09B199;;
09B200;;
09B201;;
09B202;;
09B203;;
09B204;;
09B205;;
09B206;;
09B207;;
09B208;;
09B209;;
09B210;;
09B211;;
09B212;;
09B213;;
09B214;;
09B215;;5000
09B216;;
09B217;;
09B218;;
09B219;;
09B220;;
09B221;;15000
09B222;;
09B223;;
09B224;;
09B225;;
09B226;;
09B227;;
09B228;;
09B229;;
09B230;;20000
09B231;;
09B232;;
09B233;;
09B234;;
09B235;;
09B236;;
09B237;;
09B238;;
09B239;;
09B240;;
09B241;;
09B242;;
09B243;;
09B244;;1461000
09B245;;
09B246;;
09B247;;
09B248;;
09B249;;
09B250;;
09B251;;
09B252;;
09B253;;
09B254;;30000
09B255;;10000
09B256;;
09B257;;
09B258;;
09B259;;
09B260;;
09B261;;
09B262;;
09B263;;
09B264;;
09B265;;
09B266;;
09B267;;
09B268;;
09B269;;
09B270;;
09B271;;
09B272;;
09B273;;
09B274;;
09B275;;
09B276;;
09B277;;
09B278;;
09B279;;
09B280;;5000
09B281;;
09B282;;
09B283;;
09B284;;55000
09B285;;
09B286;;
09B287;;
09B288;;10000
09B289;;31000
09B290;;4000
09C001;;
09C002;;
09C003;;
09C004;;
09C005;;
09C006;;
09C007;;
09C008;245000;
09C009;;
09C010;;47500
09C011;;
09C012;;
09C013;;
09C014;;
09C015;;
09C016;;
09C017;550000;
09C018;;
09C019;;
09C020;;
09C021;;
09C022;;
09C023;;
09C024;;
09C025;;
09C026;;
09C027;;
09C028;932500;
09C029;400000;
09C030;;5000
09C031;460000;
09C032;;
09C033;;
09C034;;5000
09C035;;
09C036;;
09C037;;
09C038;;
09C039;;
09C040;;
09C041;;
09C042;;
09C043;;
09C044;;
09C045;;
09C046;;
09C047;760000;
09C048;;
09C049;;
09C050;;
09C051;;
09C052;;
09C053;;
09C054;;
09C055;;840000
09C056;856000;
09C057;;
09C058;;
09C059;;
09C060;;
09C061;;
09C062;;
09C063;;
09C064;;
09C065;;
09C066;;
09C067;;
09C068;;
09C069;;
09C070;;
09C071;;
09C072;;
09C073;75000;
09C074;390000;
09C075;;10000
09C076;;
09C077;;
09C078;;
09C079;;
09C080;;
09C081;;
09C082;;
09C083;;
09C084;;
09C085;;
09C086;;
09C087;;
09C088;;
09C089;;
09C090;610000;
09C091;;
10B001;;9000
10B002;;50000
10B003;;
10B004;;
10B005;;
10B006;;50000
10B007;;
10B008;;
10B009;;
10B010;;
10B011;;
10B012;375000;
10B013;;
10B014;;
10B015;;
10B016;;
10B017;;
10B018;;
10B019;;60000
10B020;;
10B021;;
10B022;;
10B023;;
10B024;;
10B025;;
10B026;1457000;
10B027;;
10B028;;35000
10B029;;
10B030;;
10B031;;
10B032;;
10B033;;5000
10B034;;
10B035;;
10B036;;
10B037;;
10B038;;14000
10B039;;
10B040;;1000
10B041;;1000
10B042;;
10B043;;
10B044;;59000
10B045;;
10B046;;
10B047;;
10B048;;
10B049;;
10B050;;
10B051;;
10B052;;
10B053;;
10B054;;
10B055;;
10B056;;
10B057;;
10B058;;
10B059;;
10B060;410000;
10B061;;
10B062;;5000
10B063;;
10B064;;
10B065;;
10B066;;
10B067;;
10B068;;150000
10B069;;
10B070;;
10B071;;
10B072;;
10B073;;
10B074;;
10B075;;
10B076;;
10B077;;
10B078;;
10B079;;
10B080;;
10B081;;
10B082;;36000
10B083;;
10B084;;
10B085;;
10B086;155000;
10B087;;
10B088;;
10B089;;
10B090;935000;
10B091;;
10B092;;15000
10B093;;
10B094;;
10B095;;612500
10B096;;
10B097;;
10B098;;9000
10B099;;
10B100;;
10B101;;
10B102;;50000
10B103;;
10B104;;
10B105;;
10B106;;10000
10B107;;
10B108;;
10B109;719500;
10B110;;
10B111;;
10B112;;
10B113;;
10B114;;
10B115;;15000
10B116;;
10B117;;
10B118;;
10B119;;
10B120;;
10B121;;
10B122;;
10B123;;
10B124;;
10B125;;
10B126;;
10B127;;
10B128;;
10B129;;
10B130;;
10B131;;
10B132;;26500
10B133;;
10B134;;
10B135;;250000
10B136;;
10B137;;
10B138;;
10B139;;
10B140;;
10B141;;
10B142;;
10B143;;
10B144;;
10B145;;
10B146;;
10B147;;
10B148;;5000
10B149;;
10B150;;
10B151;;
10B152;;
10B153;;
10B154;;
10B155;;
10B156;;
10B157;;5000
10B158;;10000
10B159;;
10B160;;
10B161;;
10B162;;
10B163;;
10B164;;
10B165;;
10B166;;
10B167;;
10B168;;46000
10B169;;
10B170;;
10B171;;
10B172;;
10B173;;
10B174;;2000
10B175;;9000
10B176;;5000
10B177;;5000
10B178;;
10B179;;
10B180;;
10B181;;190000
10B182;;
10B183;;
10B184;;3000
10B185;;
10B186;;
10B187;;
10B188;;
10B189;;
10B190;;
10B191;;20000
10B192;;
10B193;;
10B194;;
10B195;;
10B196;;10000
10B197;;
10B198;;
10B199;;
10B200;510000;
10B201;;
10B202;;10000
10B203;1235000;
10B204;;
10B205;;
10B206;;5000
10B207;;2000
10B208;;
10B209;;
10B210;;9000
10B211;;
10B212;;
10B213;;1000
10B214;;
10B215;;5000
10B216;;
10B217;;
10B218;1401000;
10B219;;
10B220;;
10B221;;
10B222;;
10B224;;
10B225;;
10B226;;
10B227;;
10B228;;
10B229;;
10B230;;10000
10B231;;42500
10B232;;
10B233;;
10B234;;
10B235;;
10B236;622000;
10B237;;9000
10B238;;20000
10B239;;
10B240;;542500
10B241;;
10B242;;
10B243;;
10B244;;
10B245;;
10B246;;
10B247;;
10B248;;
10B249;;
10B250;;
10B251;;
10B252;;
10B253;;
10B254;;
10B255;;
10B256;;
10B257;;
10B258;;
10B259;;
10B260;;
10C001;;
10C002;;
10C003;;
10C004;;
10C005;;
10C006;;
10C007;;
10C008;675000;
10C009;;75000
10C010;;
10C011;935000;
10C012;;
10C013;;
10C014;;
10C015;;
10C016;;
10C017;;
10C018;;47500
10C019;;
10C020;;
10C021;;
10C022;;
10C023;;
10C024;;
10C025;;
10C026;;
10C027;;
10C028;;
10C029;;
10C030;;
10C031;;
10C032;;
10C033;;
10C034;;
10C035;;
10C036;;
10C037;;
10C038;;
10C039;;
10C040;;
10C041;;
10C042;;
10C043;895000;
10C044;;
10C045;;
10C046;;
10C047;;20000
10C048;;
10C049;;
10C050;;
10C051;;
10C052;;
10C053;;
10C054;;
10C055;150000;
11B001;;
11B002;;
11B003;;
11B004;;49000
11B005;;1000
11B006;;
11B007;;
11B008;;
11B009;;
11B010;;
11B011;;
11B012;;50000
11B013;;
11B014;;
11B015;;9000
11B016;;
11B017;;
11B018;;
11B019;;
11B020;;
11B021;;
11B022;;
11B023;;
11B024;;
11B025;;
11B026;;9000
11B027;;
11B028;;
11B029;;2500
11B030;;55000
11B031;;
11B032;;
11B033;;
11B034;;
11B035;;
11B036;;
11B037;;24000
11B038;;
11B039;;5000
11B040;;
11B041;;500
11B042;;
11B043;;
11B044;;
11B045;;
11B046;;48000
11B047;;1000
11B048;;500
11B049;;
11B050;;
11B051;;
11B052;;2500
11B053;;
11B054;;38000
11B055;;10000
11B056;;1000
11B057;;
11B058;;
11B059;;
11B060;;8500
11B061;;
11B062;;200000
11B063;;
11B064;;
11B065;;2500
11B066;;
11B067;;
11B068;;
11B069;;
11B070;;
11B071;;
11B072;;
11B073;1145000;
11B074;;
11B075;535000;
11B076;;
11B077;;
11B078;;
11B079;;
11B080;;
11B081;;10000
11B082;;
11B083;;
11B084;;
11B085;;
11B086;;
11B087;;
11B088;710000;
11B089;;
11B090;;
11B091;;
11B092;;
11B093;;
11B094;;
11B095;;
11B096;;
11B097;;
11B098;;
11B099;;
11B100;;
11B101;;
11B102;;
11B103;;
11B104;;
11B105;;
11B106;;
11B107;;
11B108;;
11B109;;
11B110;;
11B111;;35000
11B112;;
11B113;;
11B114;;
11B115;;
11B116;;
11B117;;40000
11B118;;22500
11B119;;
11B120;;5000
11B121;;
11B122;;
11B123;;
11B124;;1000
11B125;;
11B126;;
11B127;;
11B128;;
11B129;;8000
11B130;;
11B131;;
11B132;;7500
11B133;;2000
11B134;;
11B135;;
11B136;;
11B137;;
11B138;;50000
11B139;;
11B140;;
11B141;;7000
11B142;;
11B143;;
11B144;;
11B145;;
11B146;;
11B147;;140000
11B148;;5000
11B149;;5000
11B150;;
11B151;;
11B152;;
11B153;;
11B154;;9000
11B155;;
11B156;;
11B157;;59000
11B158;;
11B159;;
11B160;;
11B161;;
11B162;;
11B163;;10000
11B164;;
11B165;;
11B166;;
11B167;;
11B168;;
11B169;;
11B170;;
11B171;;
11B172;;
11B173;;
11B174;;
11B175;;
11B176;;19000
11B177;;59000
11B178;;
11B179;;
11B180;;
11B181;;
11B182;;
11B183;;
11B184;;
11B185;;1000
11B186;;
11B187;;10000
11B188;;50000
11B189;;
11B190;;
11B191;;10000
11B192;;
11B193;;
11B194;;
11B195;;155000
11B196;;
11B197;;
11B198;;
11B199;;
11B200;;
11B201;;
11B202;;35000
11B203;;
11B204;;
11B205;;13100
11B206;;
11B207;;41000
11B208;;
11B209;;
11B210;;
11B211;;
11B212;;
11B213;;
11B214;;
11B215;;
11B216;;1000
11B217;;
11B218;;
11B219;;
11B220;;
11B221;;
11B222;;3000
11B223;;35000
11B224;;
11B225;;
11B226;;
11B227;;
11B228;;
11B229;;45000
11B230;;
11B231;;
11B232;;40000
11B233;;4000
11B234;;
11B235;;
11B236;;105000
11B237;;
11B238;2435000;
11B239;;
11B240;;
11B241;;
11B242;;
11B243;;5000
11B244;;
11B245;;615000
11B246;;
11B247;;500
11B248;;
11C001;;
11C002;;
11C003;;
11C004;;
11C005;;
11C006;;
11C007;;10000
11C008;;10000
11C009;;
11C010;;
11C011;;10000
11C012;;
11C013;;
11C014;;80000
11C015;;
11C016;;10000
11C017;;
11C018;;
11C019;;
11C020;;
11C021;;10000
11C022;675000;
11C023;;20000
11C024;;
11C025;;
11C026;;
11C027;;10000
11C028;;
11C029;;
11C030;;
11C031;;
11C032;;
11C033;;10000
11C034;;
11C035;;10500
11C036;;
11C037;;
11C038;;
11C039;;
11C040;;
11C041;;
11C042;;
11C043;;
11C044;;
11C045;80000;
11C046;;
11C047;;
11C048;;
11C050;;
11C051;;
11C052;;
11C053;;
11C054;;
12B001;;
12B002;;
12B003;;
12B004;;
12B005;;5500
12B006;;500
12B007;;
12B008;;
12B009;;
12B010;;
12B011;;
12B012;;
12B013;;
12B014;;
12B015;;5000
12B016;;
12B017;;
12B018;;
12B019;;
12B020;;10000
12B021;;
12B022;;
12B023;;
12B024;;7500
12B025;;10000
12B026;;
12B027;;7500
12B028;310000;
12B029;;
12B030;;4000
12B031;;
12B032;;
12B033;;
12B034;;
12B035;;
12B036;;
12B037;;
12B038;;
12B039;;
12B040;;40000
12B041;;
12B042;;
12B043;;
12B044;;1000
12B045;;
12B046;;
12B047;;
12B048;;
12B049;;
12B050;;
12B051;;4500
12B052;;
12B053;;
12B054;;
12B055;;25000
12B056;;
12B057;2067500;
12B058;;
12B059;;
12B060;;1500
12B061;;
12B062;;60000
12B063;;
12B064;;
12B065;;
12B066;;
12B067;;
12B068;;
12B069;;
12B070;;
12B071;;
12B072;;
12B073;;32500
12B074;;
12B075;;
12B076;;5000
12B077;;17500
12B078;;
12B079;;
12B080;;
12B081;;
12B082;;
12B083;;
12B084;;
12B085;;
12B086;;
12B087;;
12B088;;
12B089;;
12B090;;
12B091;;
12B092;;
12B093;;
12B094;88000;
12B095;;
12B096;;1000
12B097;;
12B098;;
12B099;;1000
12B100;;
12B101;;
12B102;;
12B103;;
12B104;;
12B105;;
12B106;;1000
12B107;;
12B108;;15000
12B109;;
12B110;;
12B111;;
12B112;;
12B113;;
12B114;;
12B115;;
12B116;;
12B117;;157500
12B118;;
12B119;;
12B120;;
12B121;;
12B122;;
12B123;;15000
12B124;;
12B125;;1000
12B126;;10000
12B127;;
12B128;;
12B129;;
12B130;;
12B131;;
12B132;;
12B133;;1000
12B134;;
12B135;;11000
12B136;;1000
12B137;;2000
12B138;;
12B139;;
12B140;;
12B141;;
12B142;;
12B143;;
12B144;;500
12B145;;
12B146;;
12B147;;
12B148;;2500
12B149;;
12B150;;3000
12B151;;
12B152;;
12B153;;
12B154;;2500
12B155;;
12B156;;1000
12B157;;2000
12B158;;
12B159;;1500
12B160;;
12B161;;
12B162;;
12B163;;42500
12B164;;7500
12B165;;
12B166;;
12B167;;42500
12B168;;
12B169;;
12B170;;
12B171;;
12B172;;
12B173;;2500
12B174;;
12B175;;
12B176;;
12B177;;
12B178;;1500
12B179;1287500;
12B180;;
12B181;;5000
12B182;;665000
12B183;;
12B184;;
12B185;;
12B186;;3000
12B187;;
12B188;;
12B189;;
12B190;;1000
12B191;;
12B192;;500
12B193;;40000
12B194;;1000
12B195;;4000
12B196;;31500
12B197;;
12B198;;
12B199;;
12B200;;
12B201;;
12B202;;
12B203;;
12B204;;
12B205;;
12B206;;
12B207;;
12B208;;
12B209;;
12B210;;
12B211;;2000
12B212;;
12B213;;
12B214;;
12B215;;
12B216;;
12B217;;
12B218;;
12B219;;
12B220;;10000
12B221;;
12B222;;500
12B223;;
12B224;;
12B225;;
12B226;;
12B227;;114000
12B228;;
12B229;;
12B230;;
12B231;;
12B232;;
12B233;;1600
12B234;;
12B235;;30000
12B236;;
12B237;;
12B238;;
12B239;;10000
12B240;;
12B241;;
12B242;;
12B243;;95000
12B244;;
12B245;;
12B246;;
12B247;;
12B248;;
12B249;;
12B250;;
12B251;;
12B252;;
12B253;;
12B254;;
12B255;;
12B257;;
12B258;;
12B259;740000;
12B260;;
12B261;;1000
12B262;;
12B263;;
12B264;;
12B265;;2500
12B266;;15000
12B267;;
12B268;;
12B269;;
12B270;;
12B271;645000;
12B272;;7500
12B273;;
12B274;;
12B275;;
12B276;;
12B277;1301000;
12B278;35000;
12B279;;10000
12B280;;
12B281;;2000
12B282;;15000
12B283;;
12B284;;
12B285;;
12B286;;
12B287;;
12B288;;
12B289;;
12B290;;
12B291;;
12B292;;
12B293;;
12B294;;
12B295;;
12B296;;
12B297;1276000;
12C001;479500;
12C002;;
12C003;;
12C004;;
12C005;961000;
12C006;;
12C007;;
12C008;;
12C009;;
12C010;;
12C011;;
12C012;;
12C013;;
12C014;;
12C015;;
12C016;;
12C017;;
12C018;;
12C019;;
12C020;;
12C021;;
12C022;;
12C023;;34000
12C024;;
12C025;;
12C026;;
12C027;;
12C028;;
12C029;;
12C030;;
12C031;675000;
12C032;;
12C033;;
12C034;;
12C035;;
12C036;;2500
12C037;;
12C038;;
12C039;;
12C040;;
12C041;;
12C042;;
12C043;;
12C044;;
12C045;;
12C046;;
12C047;;
12C048;;
12C049;;
12C050;;
12C051;;
12C052;;25000
12C053;;
12C054;;
12C055;1057000;
12C056;;
12C057;;
12C058;;
12C059;;
12C060;186000;
12C061;;
12C062;;
12C063;435000;
12FST001;;
12FST002;;
12FST003;;
12FST004;;
12FST005;;
12FST006;;
12FST007;;
12FST009;;
12FST010;;
12FST013;;
12FST014;;
12FST015;;
12FST016;;
12MED001;;
12MED002;;
12PHA001;;
12PHA002;;
12PHA003;;
12VET001;;
13B001;;
13B002;;
13B003;;
13B004;;
13B005;1295000;
13B006;1295000;
13B007;;
13B008;160000;
13B009;365000;
13B010;;
13B011;1295000;
13B012;;
13B013;;
13B014;;
13B015;;
13B016;;
13B017;;
13B018;;4000
13B019;;
13B020;;
13B021;;1000
13B022;;
13B023;;
13B024;1295000;
13B025;;
13B026;;3200
13B027;;
13B028;;
13B029;;
13B030;;140000
13B031;;
13B032;;
13B033;;
13B034;1861000;
13B035;;
13B036;;40000
13B037;1295000;
13B038;;
13B039;;
13B040;;
13B041;;22000
13B042;;
13B043;;
13B044;;
13B045;;
13B046;;
13B047;;
13B048;;
13B049;1295000;
13B050;;
13B051;;
13B052;;
13B053;;
13B054;;
13B055;;
13B056;;
13B057;;
13B058;;
13B059;;
13B060;;
13B061;5751000;
13B062;;
13B063;;
13B064;1295000;
13B065;;
13B066;;
13B067;;
13B068;1037000;
13B069;;
13B070;1295000;
13B071;;
13B072;;
13B073;;
13B074;;
13B075;;
13B076;;
13B077;;
13B078;;
13B079;;
13B080;;
13B081;;20000
13B082;;
13B083;756000;
13B084;;1000
13B085;;
13B086;;35
13B087;;
13B088;;
13B089;300000;
13B090;;
13B091;;
13B092;;
13B093;;
13B094;;
13B095;;69000
13B096;;9000
13B097;;
13B098;;
13B099;;
13B100;;
13B101;;
13B102;;
13B103;;
13B104;;
13B105;10000;
13B106;;5000
13B107;;
13B108;;
13B109;;
13B110;;
13B111;;
13B112;;
13B113;;
13B114;1219000;
13B115;;
13B116;;
13B117;;
13B118;;
13B119;215000;
13B120;;
13B121;300000;
13B122;;
13B123;;
13B124;;
13B125;;
13B126;640000;
13B127;;
13B128;;
13B129;;9000
13B130;;1000
13B131;;10000
13B132;;
13B133;;
13B134;;
13B135;;
13B136;;
13B137;1295000;
13B138;1295000;
13B139;;
13B140;;
13B141;;
13B142;645000;
13B143;;
13B145;701000;
13B146;;
13B147;;
13B148;;
13B149;;
13B150;;
13B151;;
13B152;;
13B153;;10000
13B154;;
13B155;2740000;
13B156;;
13B157;;
13B158;;
13B159;;
13B160;;
13B161;;
13B162;;
13B163;823000;
13B164;;
13B165;1295000;
13B166;1295000;
13B167;;
13B168;;
13B169;;
13B170;;
13B171;;
13B172;;
13B173;;
13B174;;
13B175;;
13B176;;
13B177;;
13B178;;
13B179;;
13B180;;
13B181;;
13B182;;
13B183;;
13B184;;
13B185;;
13B186;;
13B187;;
13B188;;
13B189;;
13B190;;
13B191;;
13B192;;19000
13B193;;
13B194;;
13B195;;
13B196;;
13B197;;5000
13B198;;
13B199;;
13B200;;
13B201;;4000
13B202;;
13B203;;1000
13B204;;
13B205;;
13B206;;2500
13B207;;
13B208;;
13B209;;
13B210;;
13B211;;5000
13B212;;12500
13B213;;
13B214;;
13B215;;
13B216;;
13B217;;
13B219;;
13B220;;
13B221;;
13B222;;
13B223;;5000
13B224;;
13B225;;
13B226;;
13B227;;1000
13B228;278000;
13B229;;
13B230;;
13B231;;
13B232;;
13B233;;
13B234;180000;
13B235;;
13B236;;
13B237;;
13B238;;
13B239;;
13B240;;
13B241;;
13B242;;
13B243;;
13B244;;
13B245;;
13B246;;61000
13B247;;
13B248;;
13B249;;
13B250;;
13B251;;
13B252;;
13B253;;
13B254;;
13B255;;
13B256;1295000;
13B257;;
13B258;;
13B259;;1000
13B261;;
13B262;;
13B263;;
13B264;;5000
13B265;;
13B266;;
13B267;;
13B268;;10000
13B269;;
13B270;;
13B271;;
13B272;;
13B273;;
13B274;;
13B275;;
13B276;;
13B277;;
13B278;;
13B279;;
13B280;;6000
13B282;;
13B283;;
13B284;;9000
13B285;;
13B286;;
13B287;;
13B288;;
13B289;;
13B290;;129000
13B291;;
13B292;;
13B293;;
13B294;;15000
13B295;;
13B296;;159000
13B297;;
13B298;460000;
13B299;;50000
13B300;;20000
13B301;;
13B302;1325000;
13B303;;
13B304;;4000
13B305;;30000
13B306;;
13B307;;
13B308;;
13B309;;
13B310;;
13B311;;
13B312;;
13B313;;
13B314;;
13B315;;
13B316;;
13B317;;
13B318;;
13B319;;
13B320;;
13B321;;
13B322;;
13B323;;85000
13B324;;
13B325;;
13B326;;
13B327;;
13B328;;
13B329;;
13B330;;
13B331;;
13B332;;
13B333;;
13B334;;
13B335;;
13B336;;
13B337;;
13B338;;
13B339;;
13B340;295000;
13B341;;5000
13C001;;
13C002;;
13C003;;
13C004;;
13C005;;
13C006;;
13C007;;
13C009;;
13C010;;
13C011;;
13C012;;
13C013;;
13C014;;
13C015;;10000
13C016;;2000
13C017;;
13C018;;
13C019;;75000
13C020;;
13C021;;1000
13C022;;
13C023;;
13C024;;40000
13C025;;
13C026;;
13C027;;
13C028;;
13C029;;2000
13C030;;
13C031;;
13C032;;
13C033;;
13C034;;
13C035;;20000
13C036;;
13C037;;
13C038;;
13C039;;
13C040;;
13C041;;
13C042;;
13C043;;
13C044;;
13C045;;
13C046;;59000
13C047;;
13C048;;
13C049;;
13C050;;
13C051;;
13C052;;
13C053;;
13C054;;50000
13C055;;20000
13C056;475000;
13C057;;
13C058;;
13C059;;20000
13C060;;
13C061;675000;
13C062;;
13C063;;
13C064;;
13C065;;
13C066;;25000
13C067;;
13C068;;
13C069;;
13C070;375000;
13C071;1000;
13C072;;
13C073;94000;
13C074;;
13C075;;
13C076;;20000
13C077;;
13C079;;
13C080;;
13C081;;
13C082;986000;
13C083;;
13C084;;
13C085;;
13C086;;
13C087;;
13C088;;
13C089;;870000
13C090;;
13C091;;
13C092;;
13C093;;
13C094;435000;
13C095;675000;
13C096;;
13C097;600000;
13C098;;
13C099;;
14B001;;
14B002;;
14B003;475000;
14B004;;
14B005;;
14B006;;
14B007;;
14B008;;
14B009;;
14B010;;
14B011;;
14B012;;
14B013;;
14B014;;
14B015;;55000
14B016;;
14B017;;20000
14B018;;20000
14B019;;1489000
14B020;;75000
14B021;;
14B022;;4000
14B023;;
14B024;1295000;
14B025;;
14B026;;
14B027;;
14B028;;
14B029;;
14B030;;
14B031;;
14B032;701000;
14B033;;
14B034;;
14B035;;
14B036;;
14B037;;1000
14B038;;10000
14B039;;20000
14B040;;1000
14B041;;
14B042;;
14B043;;
14B044;;
14B045;;
14B046;645000;
14B047;;
14B048;;
14B049;;
14B050;;
14B051;;
14B052;;
14B053;;
14B054;;
14B055;;15000
14B056;;10000
14B057;;
14B058;;
14B059;;
14B060;;
14B061;;
14B062;;
14B063;;
14B064;;61000
14B065;;
14B066;;
14B067;310000;
14B068;;
14B069;;
14B070;;20000
14B071;;
14B072;;
14B073;;
14B074;;
14B075;;
14B076;;80000
14B077;;
14B078;;
14B079;;
14B080;;
14B081;;4000
14B082;;
14B083;;
14B084;;
14B085;;
14B086;;
14B087;;
14B088;;2000
14B089;;
14B090;;
14B091;;
14B092;;
14B093;;20000
14B094;;4000
14B095;;
14B096;;
14B097;;
14B098;;
14B099;;
14B100;295000;
14B101;;
14B102;;
14B103;;10000
14B104;;3000
14B105;;
14B106;;
14B107;;339000
14B108;;10000
14B109;;
14B110;;
14B111;;
14B112;300000;
14B113;;3000
14B114;;
14B115;;
14B116;;
14B117;;
14B118;;
14B119;;
14B120;1360000;
14B121;;
14B122;;
14B123;;2000
14B124;;
14B125;;14000
14B126;;150000
14B127;;
14B128;;
14B129;;
14B130;;
14B131;;
14B132;;2000
14B133;;
14B134;;25000
14B135;;
14B136;;
14B137;;
14B138;;
14B139;;
14B140;;
14B141;;
14B142;;
14B143;;4000
14B144;;
14B145;;
14B146;995000;
14B147;;
14B148;;710000
14B149;;
14B150;645000;
14B151;411000;
14B152;;24000
14B153;;
14B154;;38000
14B155;;
14B156;;
14B157;;
14B158;;
14B159;;
14B160;;
14B161;;10000
14B162;;
14B163;;150000
14B164;;40000
14B165;;
14B166;;
14B167;;3000
14B168;;
14B169;;240000
14B170;;
14B171;;
14B172;;
14B173;;
14B174;1010000;
14B175;970000;
14B176;175000;
14B177;;
14B178;;
14B179;;
14B180;;
14B181;;
14B182;;
14B183;;
14B184;;
14B185;;
14B186;;
14B187;;
14B188;;
14B189;;
14B190;;
14B191;;
14B192;681000;
14B193;;
14B194;;
14B195;;
14B196;;10000
14B197;;
14B198;;
14B199;;
14B200;;
14B201;;
14B202;;4000
14B203;;
14B204;;
14B205;;
14B206;;
14B207;;
14B208;;20000
14B209;;
14B210;;
14B211;;
14B212;;
14B213;;
14B214;;
14B215;;
14B216;;
14B217;420000;
14B218;;
14B219;;
14B220;;
14B221;;
14B222;;
14B223;155000;
14B224;;
14B225;;
14B226;;
14B227;;
14B228;;
14B229;;
14B230;105000;
14B231;;10000
14B232;;
14B233;;9000
14B234;;
14B235;;4000
14B236;;3000
14B237;;
14B238;;
14B239;;
14B240;;
14B241;;
14B242;;
14B243;;99000
14B244;;
14B245;;
14B246;;5000
14B247;;
14B248;;
14B249;;
14B250;;
14B251;;
14B252;;
14B253;;
14B254;;
14B255;;
14B256;;95000
14B257;;
14B258;;
14B259;;
14B260;;
14B261;;
14B262;;
14B263;;
14B264;;20000
14B265;;
14B266;;
14B267;;1000
14B268;;40000
14B269;;
14B270;;9000
14B271;;
14B272;;
14B273;;
14B274;;1874
14B275;;10000
14B276;;
14B277;1295000;
14B278;;
14B279;;
14B280;;15000
14B281;;
14B282;;25000
14B283;;
14B284;;
14B285;;
14B286;;
14B287;;
14B288;295000;
14B289;;
14B290;;
14B291;;
14B292;;
14B293;;
14B294;;
14B295;;
14B296;;34000
14B297;;
14B298;;
14B299;;10000
14B300;;
14B301;;
14B302;;10000
14B303;200000;
14B304;;
14B305;;
14B306;;
14B308;;
14B309;;
14B311;;
14B313;;20000
14B314;960000;
14C001;;
14C002;;
14C003;;
14C004;;
14C005;;
14C006;;
14C007;476000;
14C008;;
14C009;;
14C010;;
14C011;;
14C012;;
14C013;;
14C014;;
14C015;;
14C016;;
14C017;;
14C018;;
14C019;;
14C020;525000;
14C021;;
14C022;;
14C023;;
14C024;;
14C025;;
14C026;;7000
14C027;906000;
14C028;;
14C029;;
14C030;;
14C031;655000;
14C032;;
14C033;;
14C034;;
14C035;;
14C036;;
14C037;;
14C038;;
14C039;;
14C040;75000;
14C041;;
14C042;;
14C043;;4000
14C044;;
14C045;;
14C046;;
14C047;;
14C048;375000;
14C049;;
14C050;;50000
14C051;;10000
14C052;;
14C059;;
14C068;;
14FSS71;;
14FSS84;;
15AD02;;
15AD04;;
15AD05;;
15AD06;;
15AD07;;
15AD13;;
15AD14;;
15AD17;;
15AD21;;
15AD24;;
15AD26;;
15AP02;;41000
15AP05;;
15AP07;;
15AP08;;
15AP15;;
15AP18;;
15AP23;;
15B001;;
15B002;;
15B003;;
15B004;;
15B005;;
15B006;;
15B007;;
15B008;;
15B009;;
15B010;;560000
15B011;2720000;
15B012;;
15B013;905000;
15B014;;
15B015;;
15B016;;
15B017;1369000;
15B018;;
15B019;;
15B020;;
15B021;;
15B022;;
15B023;;
15B024;;
15B025;;
15B026;;
15B027;;25000
15B028;;1750000
15B029;;
15B030;576000;
15B031;;
15B032;;
15B033;1475000;
15B034;;
15B035;;
15B036;;19000
15B037;;
15B038;;
15B039;;
15B040;;
15B041;;
15B042;;
15B043;;
15B044;;
15B045;;
15B046;;
15B047;;
15B048;;
15B049;;
15B050;;
15B051;;
15B052;;
15B053;;
15B054;;100000
15B055;;
15B056;;115000
15B057;;
15B058;;
15B059;;
15B060;1010000;
15B061;;
15B062;;
15B063;;
15B064;460000;
15B065;;
15B066;;
15B067;;
15B068;;
15B069;;10000
15B070;;
15B071;;
15B072;;27000
15B073;;
15B074;;
15B075;;
15B076;;25000
15B077;;
15B078;;
15B079;;
15B080;;
15B081;;5000
15B082;;
15B083;;
15B084;;
15B085;;
15B086;;
15B087;;
15B088;;
15B089;;
15B090;;
15B091;;
15B092;;
15B093;;
15B094;;
15B095;;
15B096;;
15B097;;
15B098;;
15B099;;
15B100;;20000
15B101;;
15B102;;
15B103;;
15B104;;
15B105;;
15B106;;
15B107;;
15B108;;
15B109;;
15B110;;40000
15B111;1329000;
15B112;;
15B113;;
15B114;;
15B115;;
15B116;;
15B117;;
15B118;;
15B119;;
15B120;;
15B121;;
15B122;;
15B123;;
15B124;;
15B125;;
15B126;;
15B127;;
15B128;658000;
15B129;1110000;
15B130;1110000;
15B131;1180000;
15B132;;1000
15B133;;
15B134;;
15B135;;
15B136;295000;
15B137;;
15B138;;
15B139;471000;
15B140;;
15B141;;
15B142;921000;
15B143;1110000;
15B144;;
15B145;;
15B146;;
15B147;;
15B148;;
15B149;;
15B150;;
15B151;;3386500
15B152;;
15B153;;
15B154;;
15B155;1475000;
15B156;;
15B157;;
15B158;;
15B159;;
15B160;;
15B161;;
15B162;;
15B163;;
15B164;;
15B165;;
15B166;871000;
15B167;;
15B168;;
15B169;;
15B170;;120000
15B171;;
15B172;;
15B173;;
15B174;;
15B175;;
15B176;430000;
15B177;;
15B178;;2000
15B179;;
15B180;;
15B181;;
15B182;;35000
15B183;;
15B184;;
15B185;;
15B186;;
15B187;;
15B188;;
15B189;;
15B190;;
15B191;;
15B192;;
15B193;;
15B194;;
15B195;;75000
15B196;;120000
15B197;;
15B198;;
15B199;;
15B200;;
15B201;;
15B202;;
15B203;;
15B204;;
15B205;;
15B206;;
15B207;;
15B208;;
15B209;;
15B210;;37500
15B211;;
15B212;;
15B213;;
15B214;;
15B215;;1590000
15B216;;
15B217;;
15B218;;
15B219;;
15B220;;
15B221;;
15B222;;
15B223;;55
15B224;;
15B225;;
15B226;;
15B227;;
15B228;;
15B229;;
15B230;;7500
15B231;;40000
15B232;;
15B233;;
15B234;;
15B235;;
15B236;;52000
15B237;;
15B238;;
15B239;;
15B240;;
15B241;;
15B242;788000;
15B243;100000;
15B245;;
15B246;;
15B247;;
15B248;;35000
15B249;710000;
15B250;;
15B251;;
15B252;;
15B253;;
15B254;;
15B255;;78000
15B256;;
15B257;;1495000
15C001;428000;
15C002;;
15C003;;
15C004;;
15C005;1100000;
15C006;;
15C007;;
15C008;;
15C009;;
15C010;46000;
15C011;;10000
15C012;;
15C013;;1000
15C014;;
15C015;350000;
15C016;;
15C017;;3000
15C018;349000;
15C019;475000;
15C020;;
15C021;;
15C022;;
15C023;;
15C024;;
15C025;;
15C026;;
15C027;;
15C028;;
15C029;;459000
15C030;;
15C031;;
15C032;;
15C033;;115000
15C034;558000;
15C035;;
15C036;;
15C037;;
15C038;;4000
15C039;;5000
15C041;;
15C042;;
15C043;;
15C044;;
15C045;;
15C046;;
15C047;;
15C048;348000;
15C049;;
15C050;;
15C051;;
15C052;;2000
15C053;;
15C054;;
15C055;;
15C056;;
15C057;1041000;
15C058;;
15C059;;
15C060;;
15C061;;
15C062;6000;
15C063;;
15C064;;
15C065;1094000;
15C066;;
15C067;;
15C068;;
15C069;;
15C070;1100000;
15C071;;
15C072;;
15C073;;
15C074;545000;
15C075;;
15C076;;
15C077;388000;
15C078;;
15C079;;
15C080;;
15C081;;
15C082;;
15C083;;
15C084;;
15C085;;
15C086;;
15C087;;
15C088;;5000
15C089;470000;
15C090;;
15C091;;
15C092;;155000
15C093;;
15C094;;103000
15C095;;
15C096;;
15C097;;1000
15C098;541000;
15C099;;100000
15C100;;
15C101;;40000
15C102;;
15C103;350000;
15C104;;4000
15C105;128000;
15C106;;299000
15C107;;
15C108;;996
15C109;;
15C110;;298000
15C111;;360000
15C112;;845000
15D002;;
15D004;;
15D005;;
15D006;;
15D008;;
15D011;;
15D012;;
15D015;;
15M001;;
15M004;;
15M005;;
15M007;;
15M010;;
15M011;;
15M012;;
15M014;;
15M015;;
15M016;;
15M017;;
15M018;;
15M020;;
15M023;;
15M027;;
15M030;;
15M033;;
15M036;;
15M037;;
15M039;;
15M040;;
15M041;;
15M043;;
15M044;;
15M047;;
15M049;;
15M050;;
15M053;;
15M054;;
15M056;;
15M057;;
15M059;;
15M063;;
15M065;;
15M066;;
15M067;;
15M068;;
15M069;;
15M401;;
15M402;;
15M404;;
15M405;;
15P002;;
15P004;;
15P007;;
15P008;;
15P009;;400000
15P010;;
15P011;;
15P012;;
15S1S00;;
15S1S002;;
15S1S003;;
15S1S004;;
15S1S005;;
15S1S006;;
15S1S007;;
15S1S008;;
15S1S009;;
15S1S010;;
15S1S011;;
15S1S012;;
15S1S013;;
15S1S014;;
15S1S015;;
15S1S016;;
15S1S017;;
15S1S018;;
15S1S019;;
15S1S020;;
15S1S021;;
15S1S022;;
15S1S023;;
15S1S024;;
15S1S025;;
15S1S026;;
15S1S027;;
15S1S028;;
15S1S029;;
15S1S030;;
15S1S031;;
15S1S032;;
15S1S033;;
15S1S034;;
15S1S035;;
15S1S036;;
15S1S037;;
15S1S038;;
15S1S039;;
15S1S040;;
15S1S041;;
15S1S042;;
15S1S043;;
15S1S044;;
15S1S045;;
15S1S046;;
15S1S047;;
15S1S048;;
15S1S049;;
15S1S050;;
15S1S051;;
15S1S052;;
15S1S053;;
15S1S054;;
15S1S055;;
15S1S056;;
15S1S057;;
15S1S058;;
15S1S059;;
15S1S060;;
15S1T001;;
15S1T002;;
15S1T003;;200000
15S1T004;;
15S1T005;;
15S1T006;;
15S1T007;;
15S1T008;;
15S1T009;;
15S1T010;;
15S1T011;;200000
15S1T012;;
15S1T013;;
15S1T014;;
15S1T015;;
15S1T016;;
15S1T017;;
15S1T018;;
15S1T019;;
15S1T020;;
15S1T021;;
15S1T022;;
15S1T023;;
15S1T024;;
15S1T025;;
15S1T026;;
15S1T027;;
15S1T028;;
15S1T029;;
15S1T030;;
15S1T031;;
15S1T032;;
15S1T033;;
15S1T034;;
15S1T035;;
15S1T036;;
15S1T037;;
15S1T038;;
15S1T039;;
15S1T040;;
15S1T041;;
15S1T042;;
15S1T043;;200000
15S1T044;;
15S1T045;;
15S1T046;;
15S1T047;;
15S1T048;;
15S1T049;;
15S1T050;;
15S1T051;;
15S1T052;;
15S1T053;;
15S1T054;;
15S1T055;;
15S2S001;;
15S2S002;;
15S2S003;;
15S2S004;;
15S2S005;;
15S2S006;;
15S2S007;;
15S2S008;;
15S2S009;;
15S2S010;;
15S2S011;;
15S2S012;;
15S2S013;;
15S2S014;;
15S2S015;;
15S2S016;;
15S2S017;;
15S2S018;;
15S2S019;;
15S2S020;;
15S2S021;;
15S2S022;;
15S2S023;;
15S2S024;;
15S2S025;;
15S2S026;;
15S2S027;;
15S2S028;;
15S2S029;;
15S2S030;;
15S2S031;;
15S2S032;;
15S2S033;;
15S2S034;;
15S2S035;;
15S2S036;;
15S2S037;;
15S2S038;;
15S2S039;;
15S2S040;;
15S2S041;;
15S2S042;;
15S2S043;;
15S2S044;;
15S2S045;;
15S2S046;;
15S2S047;;
15S2S048;;
15S2S049;;
15S2S050;;
15S2S051;;
15S2S052;;
15S2S053;;
15S2S054;;
15S2S055;;
15S2S056;;
15S2S057;;
15S2S058;;
15S2S059;;
15S2S060;;
15S2S061;;
15S2S062;;
15S2S063;;
15S2S064;;
15S2T001;;
15S2T002;;
15S2T003;;
15S2T004;;
15S2T005;;
15S2T006;;
15S2T007;;
15S2T008;;
15S2T009;;
15S2T010;;
15S2T011;;
15S2T012;;
15S2T013;;
15S2T014;;
15S2T015;;
15S2T016;;
15S2T017;;
15S2T018;;
15S2T019;;
15S2T020;;
15S2T021;;
15S2T022;;
15S2T023;;
15S2T024;;
15S2T025;;439000
15S2T026;;
15S2T027;;
15S2T028;;
15S2T029;;
15S2T030;;
15S2T031;;
15S2T032;;
15S2T033;;
15S2T034;;
15S2T035;;
15S2T036;;
15S2T037;;
15S2T038;;
15S2T039;;
15S2T040;;
15S2T041;;
15S2T042;;
15S2T043;;
15S2T044;;
15S2T045;;
15S2T046;;
15S2T047;;
15S2T048;;
15S2T049;;
15S2T050;;
15S2T051;;
15S2T052;;
15S2T053;;
15S2T054;;
15S2T055;;
15S2T056;;
15S2T057;;
15S2T058;;
15S2T059;;
15S2T060;;420000
15S2T061;;
15S2T062;;
15S2T063;;
15S2T064;;
15S2T065;;
15S2T066;;
15S2T068;;
15S2T070;;
15S2T071;;
15S2T072;;
15S2T073;;
15S2T074;;
15S2T075;;
15S3S001;;
15S3S002;;
15S3S003;;
15S3S004;;
15S3S005;;
15S3S006;;
15S3S007;;
15S3S008;;
15S3S009;;
15S3S010;;
15S3S011;;
15S3S012;;
15S3S013;;
15S3T001;;
15S3T002;;
15S3T003;;
15S3T004;;
15S3T005;;
15S3T006;;
15S3T007;;
15S3T008;;
15S3T009;;
15SDS002;;
15SDS003;;
15SDS004;;
15SDS005;;
15SDS040;;
15SDT001;;
15SDT003;;
15SDT004;;
15SDT006;;
16B004;;
16B009;;
16B010;;
16B012;;
16B014;;
16B018;;
16B019;;
16B079;;
16B082;;
16B083;475000;
16B084;;
16B085;;
16B086;;
16B087;;
16B088;;
16B089;;55000
16B090;;
16B091;;
16B092;310000;
16B093;;
16B094;;
16B095;;
16B096;;
16B097;80000;
16B098;;
16B099;;
16B100;;
16B101;1710000;
16B102;;
16B103;;
16B104;;
16B105;;5000
16B106;;
16B107;;
16B108;;
16B109;;210000
16B110;;
16B111;;1000
16B112;;
16B113;500000;
16B114;;
16B115;;
16B116;;
16B117;;
16B118;;
16B119;;
16B120;;
16B121;;
16B122;;
16B123;958000;
16B124;;
16B125;;
16B126;;55000
16B127;;
16B128;;
16B129;;5000
16B130;;20188
16B131;793000;
16B132;;
16B133;;
16B134;;
16B135;;
16B136;;
16B137;;
16B138;;
16B139;;
16B140;;
16B141;;
16B142;;
16B143;;
16B144;;
16B145;;
16B146;;
16B147;;
16B148;;
16B149;;
16B150;;
16B151;360000;
16B152;;
16B153;;
16B154;2290000;
16B155;;
16B156;1360000;
16B157;;
16B158;;
16B159;;10000
16B160;;
16B161;;
16B162;;
16B163;;
16B164;;
16B165;;
16B166;;
16B167;;
16B168;;
16B169;;
16B170;;
16B171;;
16B172;;
16B173;;
16B174;;
16B175;;5000
16B176;;
16B177;;
16B178;;
16B179;;
16B180;;
16B181;50000;
16B182;1360000;
16B183;;
16B184;;
16B185;;
16B186;;
16B187;;
16B188;;
16B189;;
16B190;;
16B191;;102000
16B192;;
16B193;;
16B194;;
16B195;;
16B196;;10000
16B197;;
16B198;;
16B199;;
16B200;;
16B201;;750000
16B202;;
16B203;;
16B204;;
16B205;;
16B206;;
16B207;1320000;
16B208;800000;
16B209;238000;
16B210;;
16B211;;
16B212;;
16B213;;
16B214;;
16B215;;
16B216;;
16B217;;
16B218;;
16B219;;
16B220;958000;
16B221;;1000
16B222;;10000
16B223;;
16B224;;
16B225;;
16B226;;
16B227;;
16B228;;
16B229;;
16B230;;
16B231;;
16B232;;
16B233;;10000
16B234;;
16B235;;
16B236;;
16B237;;
16B238;;
16B239;;
16B240;;
16B241;1438000;
16B242;;
16B243;;275000
16B244;;
16B245;;
16B246;1670000;
16B247;;
16B248;;
16B249;;
16B250;;
16B251;;
16B252;;
16B253;;
16B254;;
16B255;;
16B256;;
16B257;;
16B258;;
16B259;338000;
16B260;;
16B261;;
16B262;;
16B263;;15000
16B264;;
16B265;;
16B266;760000;
16B267;;
16B268;;
16B269;453000;
16B270;;20000
16B271;;
16B272;470000;
16B273;;
16B274;;
16B275;;5000
16B276;;1270000
16B277;;
16B278;;117000
16B279;;
16B280;198000;
16B281;;
16B282;;5000
16B283;;
16B284;;
16B285;;
16B286;;
16B287;;
16B288;75000;
16B289;;
16B290;;
16B291;;
16B292;;5000
16B293;;
16B294;;
16B295;;
16B296;475000;
16B297;;
16B298;;2500
16B299;;10000
16B300;;
16B301;;
16B302;;
16B303;;
16B304;;
16B305;;180000
16B306;;
16B307;;
16B308;;
16B309;;
16B310;510000;
16B311;;
16B312;;
16B313;;
16B314;;
16B315;;
16B316;;
16B317;;
16B318;;40000
16B319;;
16B320;;154
16B321;;8000
16B322;;
16B323;;
16B324;;
16B325;;
16B327;608000;
16B329;;
16B330;;
16B331;;
16B332;;
16C003;415000;
16C004;428000;
16C007;;100000
16C008;788000;
16C021;;
16C022;;
16C023;;
16C024;;
16C025;;
16C026;;1830000
16C027;;115000
16C028;;
16C029;;
16C030;;
16C031;;
16C032;;
16C033;;
16C034;;
16C035;;
16C036;;
16C037;763000;
16C038;788000;
16C039;;
16C040;;
16C041;;
16C042;;
16C043;;50000
16C044;;
16C045;;
16C046;;
16C047;;
16C048;;
16C049;;78000
16C050;;
16C051;;
16C052;;
16C053;;3000
16C054;;
16C055;;
16C056;;
16C057;788000;
16C058;;500000
16C059;15000;
16C060;;
16C061;175000;
16C062;;
16C063;;
16C064;25000;
16C065;800000;
16C066;788000;
16C067;;
16C068;;
16C069;;
16C070;;
16C071;;
16C072;;
16C073;;10000
16C074;;
16C075;;
16C076;;
16C077;;
16C078;;
16C079;788000;
16C080;;810000
16C081;;
16C082;;
16C083;;
16C084;;
16C085;;
16C086;;100000
16C087;;85000
16C088;;5000
16C089;95000;
16C090;;2000
16C091;;
16C092;;
16C093;;130000
16C094;420000;
16C095;;50000
16C096;;
16C097;;
16C098;;
16C099;;
16C100;;
16D001;;
16D002;;
16D003;;
16D004;;
16D005;;
16D006;;
16D007;;
16D008;;100000
16D009;;
16D010;78000;
16D011;;
17B001;;
17B002;;
17B003;;
17B004;;
17B005;170000;
17B006;;
17B007;;
17B008;;
17B009;;1125000
17B011;;
17B012;;
17B013;;
17B014;;
17B015;15000;
17B016;;
17B017;;25000
17B018;;
17B019;;
17B020;;
17B021;;
17B022;1010000;
17B023;;
17B024;;
17B025;;
17B026;;50000
17B027;;
17B028;;
17B029;;
17B030;;
17B031;;
17B032;;
17B033;;
17B034;;
17B035;;
17B036;;
17B037;;
17B038;;
17B039;;
17B040;860000;
17B041;;
17B042;;
17B043;;
17B044;;
17B045;;
17B046;;
17B047;;
17B048;;
17B049;75000;
17B050;;
17B051;;
17B052;;
17B053;;450000
17B054;;
17B055;;
17B056;;
17B057;;50000
17B058;;25000
17B059;;
17B060;;115000
17B061;;35000
17B062;;
17B063;;
17B064;;
17B065;;
17B066;;
17B067;;
17B068;;
17B069;;
17B070;;
17B071;1018000;
17B072;;
17B073;;
17B074;;
17B075;;
17B076;;
17B077;;5000
17B078;;
17B079;;
17B080;;
17B081;;
17B082;;25000
17B083;;
17B084;;5000
17B085;;
17B086;400000;
17B087;;
17B088;;
17B089;2535000;
17B090;;55000
17B091;;
17B092;;
17B093;;
17B094;;
17B095;960000;
17B096;;
17B097;;
17B098;;
17B099;;
17B100;;
17B101;;
17B102;;
17B103;1345000;
17B104;;65000
17B105;;105
17B106;;
17B107;;
17B108;1475000;
17B109;;
17B110;;
17B111;;
17B112;;40000
17B113;;
17B114;;
17B115;480000;
17B116;;
17B117;1360000;
17B118;;
17B119;;
17B120;;
17B121;;335000
17B122;;
17B123;;
17B124;;
17B125;1160000;
17B126;;155000
17B127;;
17B128;;
17B129;;
17B130;;
17B131;;
17B132;;
17B133;;20000
17B134;;
17B135;;
17B136;;
17B137;;20000
17B138;;10000
17B139;;
17B140;;
17B141;;
17B142;;
17B143;470000;
17B144;1785000;
17B146;;
17B147;880000;
17B148;;
17B150;;
17B151;;
17B152;;
17B153;;
17B154;;
17B155;;
17B156;;
17B157;;
17B158;410000;
17B159;;
17B160;;
17B161;;
17B162;;
17B163;;
17B164;1360000;
17B165;;10000
17B166;;25000
17B167;;40000
17B168;;
17B169;;
17B170;;
17B171;;5000
17B172;;765000
17B173;;
17B174;;18000
17B175;;
17B176;350000;
17B177;;
17B178;;
17B179;;
17B180;;
17B181;;
17B182;725000;
17B183;;
17B184;;
17B185;100000;
17B186;;
17B187;;
17B188;;20000
17B189;;40000
17B190;;
17B191;;
17B192;;
17B193;;
17B194;;
17B195;;
17B196;;
17B197;;
17B198;2200000;
17B200;;
17B202;;
17B203;;
17B204;;
17B205;1010000;
17B206;;
17B207;;
17B209;;
17B210;;
17B211;;
17B212;1255000;
17B213;310000;
17B214;;
17B215;;
17B216;;
17B217;;
17B218;;
17B219;;
17B220;;
17B221;;
17B222;;
17B223;;
17B224;;
17B225;;
17B226;;
17B227;;
17B228;;
17B229;;
17B230;;
17B231;;
17B232;;
17B233;;
17B234;;
17B235;1360000;
17B236;;10000
17B237;;1000
17B238;;
17B239;;
17B240;;50000
17B241;;
17B242;;
17B243;;
17B244;;
17B245;;
17B246;;
17B247;;
17B248;;
17B249;;18000
17B250;;
17B251;;
17B252;;
17B253;;
17B254;;
17B255;;
17B256;;
17B257;560000;
17B258;;
17B259;;1100000
17B260;;
17B261;;
17B262;710000;
17B263;;
17B264;760000;
17B265;;
17B266;;
17B267;;
17B268;;
17B269;;15000
17B270;;
17B271;;
17B272;15000;
17B273;;
17B274;;
17B277;;
17B278;;
17B279;;85500
17B280;;
17B281;;
17B282;;
17B283;;
17B284;235000;
17B285;;
17B286;;5000
17B287;;
17B288;;
17B289;880000;
17B290;;
17B291;;
17B292;;
17B293;;150000
17B294;;
17B295;880000;
17B296;660000;
17B297;;
17B298;;
17B299;;
17B300;;
17B301;;
17B302;;
17B303;355000;
17B304;;30000
17B305;;
17B306;;5000
17B307;;
17B308;;
17B309;;
17B310;;
17B311;;
17B312;;
17B313;;
17B314;;
17B315;;10000
17B316;;10000
17B317;;
17B318;;
17B319;;
17C001;;
17C002;;
17C003;;
17C004;610000;
17C005;;
17C006;;
17C007;;100000
17C008;;
17C009;;
17C010;283086;
17C011;;
17C012;;
17C013;;
17C014;;50000
17C015;980000;
17C016;1090000;
17C017;;
17C018;410000;
17C019;;
17C020;;
17C021;810000;
17C022;810000;
17C023;;
17C024;;
17C025;;
17C026;1099000;
17C027;;
17C028;;
17C029;;
17C030;;
17C031;;
17C032;;
17C033;;
17C034;550000;
17C035;;
17C036;810000;
17C037;530000;
17C038;;
17C039;;
17C040;;
17C041;;
17C042;;
17C043;;
17C044;;
17C045;;
17C046;;
17C047;885000;
17C048;;
17C049;;
17C050;;
17C051;;
17C052;1100000;
17C053;;
17C054;;
17C055;;
17C056;360000;
17C057;;
17C058;460000;
17C059;;5000
17C060;;
17C061;760000;
17C062;;
17C063;;
17C064;;
17C065;;
17C066;;
17C067;760000;
17C068;630000;
17C069;;
17C070;;
17C071;;
17C072;;
17C073;;
17C074;;4
17C075;;
17C076;;
17C077;;
17C078;;
17C079;;
17C080;;
17C081;;
17C082;;35000
17C083;;
17C084;;
17C085;;
17C086;;
17C087;;
17C088;;
17C089;;
17C090;;
17C091;;
17C092;1235000;
17C093;;
17D001;;1000
17D002;;
17D003;;
17D004;;
18B001;1010000;
18B002;;
18B003;880000;
18B004;;25000
18B005;;
18B006;;765000
18B007;360000;
18B008;;
18B009;;25000
18B010;;
18B011;;
18B012;;
18B013;;
18B014;;
18B015;;
18B016;660000;
18B017;;
18B018;;
18B019;;
18B020;;
18B021;;40000
18B022;;
18B023;;
18B024;;
18B025;680000;
18B026;;1125000
18B027;;
18B028;;
18B029;;
18B030;;
18B031;;
18B032;;
18B033;;
18B034;;5000
18B035;;
18B036;795000;
18B037;;105000
18B038;725000;
18B039;;10000
18B041;;
18B042;;
18B043;;
18B044;;1000000
18B045;;
18B046;;1000000
18B047;;15000
18B048;;45000
18B049;880000;
18B050;;35000
18B051;;
18B052;;
18B053;;10000
18B054;210000;
18B055;;
18B056;;
18B057;;
18B058;;740000
18B059;;
18B060;;1200000
18B061;;
18B062;;500000
18B063;;
18B064;210000;
18B065;;
18B066;;
18B067;;
18B068;;
18B069;;
18B070;;
18B071;;1510000
18B072;;10000
18B073;;
18B074;;1000000
18B075;;15000
18B076;;
18B077;;
18B078;;
18B079;1360000;
18B080;;
18B081;;
18B082;1320000;
18B083;;
18B084;;125000
18B085;;
18B086;;1510000
18B087;;150000
18B088;;1000000
18B089;;
18B090;;
18B091;;5000
18B092;;
18B093;;
18B094;;1050000
18B095;;
18B096;;5000
18B097;540000;
18B098;;
18B099;;
18B100;;
18B101;;
18B102;;
18B103;;
18B104;;
18B105;;
18B106;;
18B107;;25000
18B108;;
18B109;;
18B110;;
18B111;;
18B112;;150000
18B113;;
18B114;;
18B115;;
18B116;;15000
18B117;;
18B118;;
18B119;;
18B120;600000;
18B121;;
18B122;;35000
18B123;;
18B124;;
18B125;;
18B126;;
18B127;;5000
18B128;;
18B129;;
18B130;;
18B131;;40000
18B132;20000;
18B133;;
18B134;;
18B135;;
18B136;;
18B137;;200000
18B138;515000;
18B139;;10000
18B140;;
18B141;;
18B142;;
18B143;;
18B144;;
18B145;;
18B146;;1050000
18B147;;5000
18B148;;20000
18B149;;
18B150;;
18B151;230000;
18B152;1360000;
18B153;;
18B154;;
18B155;325000;
18B156;;
18B157;;
18B158;;5000
18B159;;
18B160;;
18B161;;
18B162;;85000
18B163;294000;
18B164;;300000
18B165;;
18B166;15000;
18B167;;
18B168;;
18B169;1010000;
18B170;;
18B171;;
18B172;;20000
18B173;;
18B174;;
18B175;;
18B176;1360000;
18B177;;
18B178;730000;
18B179;;
18B180;;
18B181;;25000
18B182;;
18B183;;
18B184;;40000
18B185;1360000;
18B186;;
18B187;;
18B188;;
18B189;;
18B190;;10000
18B191;1360000;
18B192;600000;
18B193;;
18B194;;
18B195;;1475000
18B196;;
18B197;;10000
18B198;990000;
18B199;;
18B200;;
18B201;880000;
18B202;;
18B203;;500000
18B204;;
18B205;;
18B206;;10000
18B207;;500
18B208;;
18B209;;
18B210;;
18B211;;
18B212;;800000
18B213;;
18B214;;27000
18B215;1475000;
18B216;;
18B217;;
18B218;;
18B219;;
18B220;;2000
18B221;;
18B222;;
18B223;;
18B224;;
18B225;;50000
18B226;;
18B227;1010000;
18B228;;935000
18B229;;800000
18B230;;
18B231;;
18B232;;
18B233;;
18B234;;1480000
18B235;;5000
18B236;;1550000
18B237;;
18B238;;
18B239;;
18B241;;
18B242;;
18B243;;3000
18B244;1360000;
18B245;;850000
18B246;;
18B247;;1510000
18B248;;10000
18B249;;
18B250;;
18B251;;
18B252;;
18B253;;
18B254;;
18B255;;
18B256;;
18B257;985000;
18B258;;
18B259;;
18B260;;115000
18B261;;
18B262;;115000
18B263;;
18B264;;
18B265;;135000
18B267;;
18B268;;
18B269;;
18B270;;55000
18B271;880000;
18B272;;
18B273;;40000
18B274;;75000
18B275;;
18B276;;115000
18B277;;
18B278;;
18B280;;
18B281;;
18B282;2425000;
18B284;;
18B285;;
18B286;;
18C001;;10000
18C002;;50000
18C003;;
18C004;;
18C005;;
18C006;;
18C007;;
18C008;;
18C009;760000;
18C010;;
18C011;;
18C012;527520;
18C013;;
18C014;;
18C015;;
18C016;;
18C017;100000;
18C018;760000;
18C019;;115000
18C020;;
18C021;;
18C022;;85000
18C023;;
18C024;;240000
18C025;;
18C026;;
18C027;;
18C028;;
18C029;;
18C030;;
18C031;1090000;
18C032;;
18C033;;
18C034;;
18C035;;
18C036;;
18C037;;40000
18C038;730000;
18C039;;
18C040;;
18C041;;
18C042;340000;
18C043;;
18C044;;
18C045;550000;
18C046;;
18C047;;20000
18C048;;
18C049;;
18C050;;
18C052;;
18C053;;
18C054;;
18C055;;
18C056;;1215000
18C057;;
18C058;;
18C059;;
18C060;;
18C061;;55000
18C062;1100000;
18C063;;
18C064;1100000;
18C065;;
18C066;;
18C067;;
18C068;;
18C069;;
18C070;;
18C071;;35000
18C072;;
18C073;;
18C074;;
18C075;;
18C076;;
18C077;;10000
18C078;265000;
18C079;390000;
18C080;1100000;
18C081;;
18C082;550000;
18C083;550000;
18C084;;
18C085;;
18C086;;
18C087;385000;
18C088;;
18C089;;
18C090;;
18C091;2000000;
18C092;2000000;
18C093;;100000
18C094;715000;
18C095;1500000;
18C096;;850000
18C097;2000000;
18C098;2000000;
18C099;;20000
18C100;;
18C101;;
18C102;2015000;
18C103;3395000;
18C104;715000;
18C105;;20000
18C106;2245000;
18C107;;
18C108;685000;
19B001;;
19B002;;
19B003;;
19B004;310000;
19B005;;
19B006;;
19B007;;
19B008;;500000
19B009;;
19B010;;
19B011;;
19B012;;
19B013;1010000;
19B014;;
19B015;;
19B016;;
19B017;865000;
19B018;;
19B019;;5000
19B020;;
19B021;;
19B022;;5000
19B023;;
19B024;;
19B025;;
19B026;;
19B027;1360000;
19B028;;25000
19B029;880000;
19B030;;
19B031;616324;
19B032;;
19B033;;
19B034;;20000
19B035;;
19B036;;1310000
19B037;;1040000
19B038;560000;
19B039;;
19B040;;
19B041;;10000
19B042;;
19B043;;25000
19B044;;1200000
19B045;;
19B046;;1200000
19B047;;
19B048;;1100000
19B049;;
19B050;;1510000
19B051;;1510000
19B052;;150000
19B053;;
19B054;;650000
19B055;;
19B056;;1150000
19B057;;
19B058;;1510000
19B059;;300000
19B060;;700000
19B061;;
19B062;;1235000
19B063;;700000
19B064;1360000;
19B065;;100000
19B066;;5000
19B067;;
19B068;;
19B069;;
19B070;;800000
19B071;;200000
19B072;;1510000
19B073;;
19B074;;300000
19B075;;200000
19B076;;
19B077;;
19B078;;965000
19B079;;800000
19B080;;1200000
19B081;;
19B082;;1050000
19B083;;150000
19B084;;
19B085;;500000
19B086;;800000
19B087;;
19B088;1060000;
19B089;;1200000
19B090;;800000
19B091;;
19B092;;150000
19B093;;1510000
19B094;;1150000
19B095;;1550000
19B096;;883500
19B097;;760000
19B098;;1050000
19B099;;500000
19B100;;
19B101;;800000
19B102;385000;
19B103;;1510000
19B104;;
19B105;;1200000
19B106;;1515000
19B107;;800000
19B108;;1610000
19B109;;1200000
19B110;;
19B111;;800000
19B112;;
19B113;;
19B114;910000;
19B115;;
19B116;;
19B117;;
19B118;;800000
19B119;;
19B120;;80000
19B121;;800000
19B122;;
19B123;;
19B124;;
19B125;;1510000
19B126;;210000
19B127;;500000
19B128;;800000
19B129;;800000
19B130;615000;
19B131;;150000
19B132;;1510000
19B133;;150000
19B134;;1510000
19B135;;
19B136;;850000
19B137;;150000
19B138;;765000
19B139;630000;
19B140;500000;
19B141;;700000
19B142;;150000
19B143;;800000
19B144;;
19B145;;1650000
19B146;;1010000
19B147;280000;
19B148;;1150000
19B149;;920000
19B150;;
19B151;;
19B152;;
19B153;;150000
19B154;;150000
19B155;;
19B156;;800000
19B157;;800000
19B158;;
19B159;;800000
19B160;;
19B161;;
19B162;;500000
19B163;;400000
19B164;;800000
19B165;;1185000
19B166;975000;
19B167;;1510000
19B168;;800000
19B169;;
19B170;;
19B171;;51000
19B172;;
19B173;;50000
19B174;;
19B175;;150000
19B176;1360000;
19B177;;
19B178;;20000
19B179;;
19B180;;810000
19B181;;
19B182;;
19B183;;1510000
19B184;;800000
19B185;;
19B186;;350000
19B187;1360000;
19B188;;800000
19B189;;800000
19B190;;
19B191;;1510000
19B192;;1625000
19B193;;150000
19B194;;1510000
19B195;880000;
19B196;;50000
19B197;;
19B198;;
19B199;;
19B200;;150000
19B201;;
19B202;;
19B203;;
19B204;;90000
19B205;;
19B206;510000;
19B207;;
19B208;;
19B209;730000;
19B210;;
19B211;;
19B212;;40000
19B213;180000;
19B214;;
19B215;;
19B216;;
19B217;880000;
19B218;;
19B219;;
19B220;;1200000
19B221;1360000;
19B222;;200000
19B223;;
19B224;;
19B225;1360000;
19B226;;800000
19B227;;
19B228;;50000
19B229;;
19B230;320000;
19B231;930000;
19B232;;
19B233;;160000
19B234;;
19B235;730000;
19B236;;1545000
19B237;;50000
19B238;1275000;
19B239;;500000
19B240;50000;
19B241;784000;
19B242;;
19B243;;1510000
19B244;;
19B245;;15000
19B246;;
19B247;;
19B248;;1510000
19B249;;1200000
19B250;;1475000
19B251;125000;
19B252;;35000
19B253;1025000;
19B254;;5000
19B255;;
19B256;;
19B257;;
19B258;;
19B259;1010000;
19B260;1246324;
19B261;;
19B262;;
19B263;;
19B264;;
19B265;;300000
19B266;;
19B267;;
19B268;;1510000
19B269;1360000;
19B270;;35000
19B271;;
19B272;;
19B273;;10000
19B274;;155000
19B275;;1510000
19B276;880000;
19B277;;
19B278;;
19B279;880000;
19B280;;
19B281;;
19B282;;240000
19B283;;
19B284;;
19B285;;
19B286;;
19B287;;115000
19B288;165000;
19B289;;5000
19B290;;1000000
19B291;;280000
19B292;;
19B293;;
19B294;;900000
19B295;;1150000
19B296;;
19B297;;1050000
19B298;;750000
19B299;;
19B300;;
19B301;;800000
19B302;;
19B303;810000;
19B304;330000;
19B305;;
19B306;;
19B307;110000;
19B308;1510000;
19B309;445000;
19B310;;
19B311;1260000;
19B312;;1510000
19B313;;
19B314;;1480000
19B315;;1000000
19B316;;
19B318;;
19B323;;
19B324;;
19C001;760000;
19C002;;
19C003;;
19C004;;
19C005;;
19C006;;
19C007;;20000
19C008;;
19C009;;
19C010;980000;
19C011;;
19C012;;
19C013;;
19C014;;
19C015;;
19C016;;
19C017;700000;
19C018;;
19C019;;
19C020;;
19C021;410000;
19C022;;
19C023;;
19C024;;
19C025;;
19C026;;
19C027;100000;
19C028;;
19C029;;
19C030;;
19C031;715000;
19C032;;
19C033;;
19C034;;
19C035;;
19C036;;40000
19C037;;
19C038;;
19C039;;
19C040;;
19C041;;
19C042;;
19C043;;
19C044;810000;
19C045;;
19C046;;
19C047;;
19C048;;615000
19C049;;115000
19C050;;
19C051;;
19C052;;
19C053;;
19C054;;
19C055;;
19C056;760000;
19C057;;
19C058;;
19C059;;
19C060;;
19C061;;
19C062;;
19C063;;
19C064;;
19C065;;
19C066;760000;
19C067;;90000
19C068;;
19C069;;
19C070;;
19C071;115000;
19C072;;
19C073;;
19C074;;
19C075;;
19C076;;
19C077;;
19C078;;
19C079;;1000
19C080;;
19C081;1100000;
19C082;;
19C083;;
19C084;;
19C085;;
19C086;;
19C087;;
19C088;;
19C089;;
19C090;;
19C091;760000;
19C092;;
19C093;;
19C094;;
19C095;1100000;
19C096;;
19C097;1500000;
19C098;;15000
19C099;;
19C100;;
19C101;;
19C102;;
19C103;;
19C104;;1115000
19C105;;400000
19C106;85000;
19C107;;
19C108;;
19C109;;1115000
19C113;135000;
19C123;1250000;
19C124;520000;
19C125;;970000
19CMPMER001;;
19CMPMER002;;
19CMPMER003;;
19CMPMER004;;
19CMPMER005;60000;
19CMPMER006;;
19CMPMER007;;
19CMPMER008;;
19CMPMER009;;
19CMPMER010;;
19D001;;150000
19D002;;
19D003;;
19D004;;
19D005;;
19D006;;
19D007;;
19D008;368000;
19D009;;
19D010;;
20B001;;500000
20B002;1875000;
20B003;;
20B004;;1475000
20B005;;
20B006;;150000
20B007;;
20B008;;1510000
20B009;;1510000
20B010;;150000
20B011;;
20B012;;1510000
20B013;;1200000
20B014;;1475000
20B015;;150000
20B016;255000;
20B017;;150000
20B018;;
20B019;;525000
20B020;;
20B021;600000;
20B022;;150000
20B023;;1525000
20B024;;
20B025;;
20B026;;200000
20B027;;10000
20B028;710000;
20B029;;15000
20B030;;750000
20B031;;
20B032;;
20B033;;
20B034;;
20B035;360000;
20B036;;
20B037;20000;
20B038;;490000
20B039;;
20B040;;1510000
20B041;;
20B042;;1510000
20B043;;
20B044;;
20B045;520000;
20B046;;150000
20B047;;150000
20B048;;
20B049;;
20B050;;1510000
20B051;;
20B052;;
20B053;;
20B054;;
20B055;;
20B056;;150000
20B057;;
20B058;;1200000
20B059;;1510000
20B060;;
20B061;;
20B062;;300000
20B063;;
20B064;610000;
20B065;;150000
20B066;;150000
20B067;;150000
20B068;775000;
20B069;;800000
20B070;810000;
20B071;;150000
20B072;;
20B073;;
20B074;1360000;
20B075;;200000
20B076;;150000
20B077;;
20B078;;470000
20B079;;
20B080;;1020000
20B081;;25000
20B082;;115000
20B083;;1135000
20B084;;200000
20B085;;
20B086;;1575000
20B087;;
20B088;;150000
20B089;210000;
20B090;95000;
20B091;;
20B092;;25000
20B093;;1550000
20B094;1360000;
20B095;;
20B096;;
20B097;;
20B098;;150000
20B099;;5000
20B100;1360000;
20B101;;1720000
20B102;;150000
20B103;;1000000
20B104;;150833
20B105;;1510000
20B106;;800000
20B107;;
20B108;;950000
20B109;;1510000
20B110;;
20B111;;
20B112;;
20B113;;
20B114;;
20B115;;40000
20B116;;
20B117;;
20B118;;
20B119;;
20B120;;1425000
20B121;;150000
20B122;;
20B123;;
20B124;;150000
20B126;;
20B127;;150000
20B128;;
20B129;;
20B130;;
20B131;295000;
20B132;;
20B133;;300000
20B134;;
20B135;;750000
20B136;;
20B137;;
20B138;345000;
20B139;;
20B140;;400000
20B141;;100000
20B142;;
20B143;;
20B144;;
20B145;;
20B146;;
20B147;;
20B148;;
20B149;1355000;
20B150;;
20B151;;
20B152;;1000000
20B153;;1510000
20B154;;650000
20B155;;
20B156;;
20B157;;685000
20B158;;
20B159;;40000
20B160;;150000
20B161;;850000
20B162;300000;
20B163;;10000
20B164;;
20B165;;45000
20B166;;
20B167;;750000
20B168;;
20B169;;700000
20B170;;
20B171;1360000;
20B172;;
20B173;;150000
20B174;;
20B175;;
20B176;;
20B177;1325000;
20B178;880000;
20B179;;
20B180;;
20B181;;
20B182;;
20B183;;
20B184;;650000
20B185;;
20B186;;
20B187;;1599000
20B188;;5000
20B189;;1510000
20B190;;1510000
20B191;;
20B192;;
20B193;;150000
20B194;;40000
20B195;;
20B196;;
20B197;;
20B198;;
20B199;;1510000
20B200;;800000
20B201;;
20B202;;
20B203;;1150000
20B204;;
20B206;1010000;
20B207;;
20B208;;
20B209;;150000
20B210;1185000;
20B211;;
20B212;;
20B213;;1155000
20B214;;300000
20B215;;
20B216;580000;
20B217;;
20B218;700000;
20B219;10000;
20B220;;
20B221;;
20B222;785000;
20B223;;
20B224;;
20B225;;400000
20B226;;800000
20B227;;
20B228;;150000
20B229;;
20B230;;
20B231;;5000
20B232;;
20B233;;400000
20B234;;
20B235;;
20B236;;
20B237;;75000
20B238;880000;
20B239;546324;
20B240;660000;
20B241;;
20B242;;1510000
20B243;880000;
20B244;;
20B245;970000;
20B246;;
20B247;475000;
20B248;;
20B249;;
20B250;;25000
20B251;;
20B252;;
20B253;;
20B254;;
20B255;;
20B256;;
20B257;;200000
20B258;;
20B259;;500000
20B260;150000;
20B261;;
20B262;210000;
20B263;;
20B264;;
20B265;;
20B266;;
20B267;;
20B268;;250000
20B269;;
20B270;;35000
20B271;;
20B272;1125000;
20B273;;
20B274;;
20B275;;140000
20B276;;160000
20B277;;1510000
20B278;;
20B279;;
20B280;440000;
20B281;;
20B282;;
20B287;;
20B288;230000;
20B289;;
20B290;1000000;
20B291;680000;
20B293;;
20B294;1360000;
20B295;;400000
20B299;;
20B300;1360000;
20B302;880000;
20B307;;
20B309;;
20B310;;
20B311;;
20B312;;
20B313;;45000
20B314;1580000;
20B340;;740000
20C001;1215000;
20C002;;
20C003;;
20C004;;35000
20C005;;
20C006;;
20C007;;
20C008;;
20C009;;10000
20C010;;50000
20C011;;
20C012;;
20C013;;5000
20C014;;
20C015;;100000
20C016;;
20C017;;
20C018;;
20C019;;
20C020;;
20C021;;
20C022;;
20C023;;115000
20C024;;
20C025;;
20C026;;
20C027;;
20C028;;
20C029;;
20C030;;
20C031;;
20C032;;
20C033;;
20C034;;
20C035;;
20C036;1100000;
20C037;;115000
20C038;1200000;
20C039;;
20C040;;
20C041;;
20C042;600000;
20C043;;
20C044;;
20C045;;
20C046;;
20C047;;
20C048;1505000;
20C049;;
20C050;;
20C051;5000;
20C052;;
20C053;;
20C054;;
20C055;55000;
20C056;;
20C057;110000;
20C058;;
20C059;560000;
20C060;;
20C061;;
20C062;;
20C063;;
20C064;;
20C065;;
20C066;250000;
20C067;;
20C068;;5000
20C069;;
20C070;;
20C071;915000;
20C072;;
20C073;;
20C074;320000;
20C079;;
20C080;;
20C081;865000;
20CMPMER006;;
20CMPMER011;15000;
20CMPMER012;135000;
20CMPMER013;290000;
20CMPMER014;15000;
20CMPMER015;15000;
20CMPMER016;115000;
20CMPMER017;415000;
20CMPMER018;15000;
20CMPMER019;15000;
20E001;750000;
20E002;;
20E003;;150000
20E004;;
20E005;;1475000
20E006;;
20E007;;
20E008;;
20E009;;610000
20E010;;
20E011;;
20E012;1360000;
20E013;785000;
20E014;;150000
20E015;;615000
20E016;250000;
20E017;;
20E018;;
20E019;;
20E020;;
20E021;;
20E022;;190000
20E023;;
20E024;;
20E025;;
20E026;;
20E027;;165000
20E028;;
20E029;;
20E030;;
20E031;;
20E032;;
20E033;;
20E034;50000;
20E035;225000;
20E036;;
20E037;;
20E038;;
20E039;;1510000
20E040;;20000
20E041;;400000
20E042;475000;
20E043;;
20E044;;
20E045;;
20E046;250000;
20E047;;
20E048;;500000
20E049;;
20E050;;115000
20E051;965000;
20E052;;
20E053;1360000;
20F001;;
20F002;;
20F003;695000;
20F004;;
20F005;;100000
20F006;;
20F007;600000;
20F008;850000;
20F009;;
20F010;;
20F011;;
20F012;;
20F013;150000;
20F014;735000;
20F015;;90000
20F016;;240000
20F017;;
20F018;110000;
20F019;;
20F020;;340000
20F021;;
20F022;;
21B001;;
21B002;560000;
21B003;;760000
21B004;;500000
21B005;325000;
21B006;;552000
21B007;;1510000
21B008;;90000
21B009;;
21B010;;
21B011;;1200000
21B012;;825000
21B013;;
21B014;200000;
21B015;;1360000
21B016;;
21B017;;800000
21B018;;165000
21B019;;150000
21B020;;
21B021;;1225000
21B022;;150000
21B023;;
21B024;;1510000
21B025;;1510000
21B026;;
21B027;;200000
21B028;;150000
21B029;;150000
21B030;;
21B031;;
21B032;;
21B033;;
21B034;;
21B035;;600000
21B036;;150000
21B037;;90000
21B038;1475000;
21B039;;1150000
21B040;;800000
21B041;;500000
21B042;;800000
21B043;;
21B044;;
21B045;;1510000
21B046;;
21B047;;850000
21B048;;1010000
21B049;;810500
21B050;;500
21B051;;150000
21B052;;1460000
21B053;;200000
21B054;;115000
21B055;;
21B056;;
21B057;;200000
21B058;;235000
21B059;;
21B060;;155000
21B061;;
21B062;;
21B063;;115000
21B064;;550000
21B065;;
21B066;;150000
21B067;;
21B068;;5000
21B069;;150000
21B070;;1510000
21B071;;600000
21B072;;150000
21B073;;900000
21B074;130000;
21B075;;
21B076;;
21B077;;200000
21B078;;300000
21B079;;
21B080;;
21B081;;
21B082;;
21B083;70630;
21B084;;1510000
21B085;;510000
21B086;;115000
21B087;710000;
21B088;1000000;
21B089;;690000
21B090;;
21B091;;150000
21B092;;
21B093;;150000
21B094;;
21B095;;
21B096;;950000
21B097;;
21B098;;
21B099;;150000
21B100;;955000
21B101;;910000
21B102;;150000
21B103;;
21B104;;510000
21B105;;
21B106;;
21B107;10000;
21B108;;
21B109;;
21B110;;
21B111;;5000
21B112;;150000
21B113;;1510000
21B114;;
21B115;;
21B116;360000;
21B117;;
21B118;;1200000
21B119;;1510000
21B120;;
21B121;375000;
21B122;;
21B123;710000;
21B124;;150000
21B125;;200000
21B126;;
21B127;;200000
21B128;1360000;
21B129;;800000
21B130;;150000
21B131;;
21B133;;1515000
21B134;;750000
21B135;;
21B136;;
21B137;340000;
21B138;;
21B139;;1510000
21B140;;
21B141;;1510000
21B142;;150000
21B143;;
21B144;;
21B145;;
21B146;;
21B147;;
21B148;;1530000
21B149;;150000
21B150;300000;
21B151;;
21B152;;800000
21B153;;
21B154;;
21B155;;150000
21B156;;150000
21B157;345000;
21B159;355000;
21B160;710000;
21B161;;
21B162;;
21B163;;
21B164;;1200000
21B165;;
21B166;;
21B167;;
21B168;;35000
21B169;;1015000
21B170;;150000
21B171;;1475000
21B172;;800000
21B173;880000;
21B174;;800000
21B175;;
21B176;;3478
21B177;;
21B178;;150000
21B179;;50000
21B180;;1200000
21B181;;35000
21B182;;
21B183;;
21B184;;
21B185;;
21B186;;
21B187;;
21B188;;
21B189;;150000
21B190;;
21B191;;1200000
21B192;;
21B193;;800000
21B194;;
21B195;;1510000
21B196;925000;
21B197;475000;
21B198;;15000
21B199;;
21B200;;1250000
21B201;;
21B202;;
21B203;;200500
21B204;20000;
21B205;;
21B206;;750000
21B207;;1510636
21B208;;
21B209;;
21B210;;150000
21B211;275000;
21B212;;150000
21B213;;1510000
21B214;;660000
21B215;;150000
21B216;;
21B217;;
21B218;;
21B219;;
21B220;;800000
21B221;;
21B222;300000;
21B223;;
21B224;;750000
21B225;;1510000
21B226;1030000;
21B227;580000;
21B228;;
21B229;;
21B230;;
21B231;315000;
21B232;;630000
21B233;740000;
21B234;;1657035
21B235;;
21B236;;
21B237;960000;
21B238;;1000000
21B239;610000;
21B240;;900000
21B241;410000;
21B242;;
21B243;;
21B244;;
21B245;;
21B246;;
21B247;880000;
21B248;;115000
21B249;;1500000
21B250;;15000
21B251;;150000
21B252;;
21B253;;
21B254;;
21B255;;
21B256;880000;
21B257;1010000;
21B258;;
21B259;;
21B260;880000;
21B261;740000;
21B262;;
21B263;;
21B264;200000;
21B265;;2950000
21B266;;
21B267;50000;
21B268;240000;
21B269;;
21B270;;
21B271;;
21B272;;
21B273;;
21B274;;
21B275;;800000
21B276;;
21B277;;
21B278;;300000
21B279;110000;
21B280;;
21B281;;
21B282;;
21B283;;
21B284;1159932;
21B285;3476;
21C001;;
21C002;;
21C003;;
21C004;;
21C005;;
21C006;;
21C007;;
21C008;;
21C009;;
21C010;;
21C011;;
21C012;;
21C013;;
21C014;;
21C015;;
21C016;;180000
21C017;;
21C018;;
21C020;;
21C021;;
21C022;675000;
21C023;;
21C024;;
21C025;;
21C026;;
21C027;;
21C028;;
21C029;;
21C030;575000;
21C031;;
21C032;;
21C034;;
21C035;;
21C036;810000;
21C037;;
21C038;;
21C039;;
21C040;;
21C041;;
21C042;;
21C043;;
21C044;645000;
21C045;;
21C046;;
21C047;;
21C048;;
21C049;1350000;
21C050;1350000;
21C051;;
21C052;;
21C053;1200000;
21C054;;115000
21C055;;
21C056;400000;
21C057;;
21C058;260000;
21C059;;
21C060;200000;
21C061;1025000;
21C062;;
21C063;;50000
21D001;;115000
21D002;;
21D003;;
21D004;;
21D005;;
21D006;;
21D007;;
21D008;;
21D009;;
21D010;;
21D011;115000;
22B001;;
22B002;;
22B003;;635000
22B004;;350000
22B005;;
22B006;;
22B007;;
22B008;;
22B009;;
22B010;;35000
22B011;;
22B012;;150000
22B013;;150000
22B014;;
22B015;;
22B016;;
22B017;;
22B018;;
22B019;;
22B020;880000;
22B021;;1510000
22B022;;
22B023;;120000
22B024;;150000
22B025;;650000
22B026;;595000
22B027;;255000
22B028;;
22B029;;160000
22B030;;
22B031;;550000
22B032;;650000
22B033;;1060000
22B034;;150000
22B035;;
22B036;;1510000
22B037;;
22B038;;150000
22B039;;
22B040;;135
22B041;;
22B042;;1510000
22B043;;
22B044;;850000
22B045;;650000
22B046;;1510000
22B047;200000;
22B048;;800000
22B049;150000;
22B050;;
22B051;;900000
22B052;;150000
22B053;;150000
22B054;;
22B055;;
22B056;;150000
22B057;;
22B058;;
22B059;;1510000
22B060;;1510000
22B061;;400000
22B062;;615000
22B063;;
22B064;;150000
22B065;;150000
22B066;;
22B067;;115000
22B068;;800000
22B069;;
22B070;;800000
22B071;;
22B072;;
22B073;;
22B074;;150000
22B075;;
22B076;;
22B077;;150000
22B078;;
22B079;;310000
22B080;;50000
22B081;;
22B082;;800000
22B083;690000;
22B084;;
22B085;;
22B086;;1510000
22B087;;300000
22B088;;
22B089;;150000
22B090;;
22B091;;
22B092;1260000;
22B093;;
22B094;;
22B095;;800000
22B096;;140000
22B097;;
22B098;;7375000
22B099;;750000
22B100;;765000
22B101;;
22B102;;
22B103;;
22B104;;1150000
22B105;;650000
22B106;;
22B107;150000;
22B108;;
22B109;;
22B110;;
22B111;;
22B112;35000;
22B113;10000;
22B114;;150000
22B115;;800000
22B116;;1000000
22B117;;150000
22B118;;150000
22B119;;
22B120;;
22B121;1360000;
22B122;;
22B123;;150000
22B124;450000;
22B125;;150000
22B126;;150000
22B127;;
22B128;;150000
22B129;;
22B130;;
22B131;;1150000
22B132;;150000
22B133;;
22B134;;150000
22B135;;
22B136;;120000
22B137;;150000
22B138;;150000
22B139;;
22B140;;
22B141;;
22B142;;
22B143;;
22B144;;
22B145;;865000
22B146;155000;
22B147;810000;
22B148;;650000
22B149;;
22B150;;115000
22B151;;415000
22B152;;
22B153;;140000
22B154;;150000
22B155;;800000
22B156;;1510000
22B157;;115000
22B158;;150000
22B159;;800000
22B160;;300000
22B161;;800000
22B162;;
22B163;;
22B164;;1000000
22B165;;
22B166;;150000
22B167;;800000
22B168;;500000
22B169;;
22B170;200000;
22B171;;
22B172;;
22B173;;800000
22B174;;
22B175;;
22B176;;50000
22B177;;
22B178;;
22B179;;150000
22B180;1160000;
22B181;;
22B182;995000;
22B183;;
22B184;;
22B185;;400000
22B186;;
22B187;;650000
22B188;;680000
22B189;;
22B190;;
22B191;880000;
22B192;;
22B193;220000;
22B194;;
22B195;;1510000
22B196;;1510000
22B197;;800000
22B198;;1510000
22B199;;800000
22B200;;
22B201;;500000
22B2011;;
22B202;;
22B203;;200000
22B204;;
22B205;;50000
22B206;;1510000
22B207;;
22B208;1360000;
22B209;;850000
22B210;;
22B211;;
22B212;;
22B213;;
22B214;;
22B215;;5000
22B216;;
22B217;;
22B218;;
22B219;;
22B220;;
22B221;;
22B222;;150000
22B223;;1510000
22B224;;
22B225;;
22B226;;
22B227;;800000
22B228;;
22B229;;150000
22B230;;925000
22B231;;
22B232;;450000
22B233;;150000
22B234;;150000
22B235;;
22B236;875000;
22B237;;150000
22B238;;
22B239;;
22B240;;150000
22B241;;150000
22B242;;
22B243;;
22B244;;
22B245;;10000
22B246;;
22B247;;10000
22B248;300000;
22B249;;1200000
22B250;;
22B251;;
22B252;860000;
22B253;;
22B254;;
22B255;;150000
22B256;;150000
22B257;;
22B258;;
22B259;;
22B260;;
22B261;;
22B262;;
22B263;;
22B264;;
22B265;;150000
22B266;;150000
22B267;;600000
22B268;1160000;
22B269;;
22B270;;150000
22B271;;
22B272;;800000
22B273;;5000
22B274;;
22B275;;650000
22B276;855000;
22B277;;685000
22B278;;
22B279;;800000
22B280;;
22B281;;1040000
22B282;;
22B283;;
22B284;;360000
22B285;;1000000
22B286;;150000
22B287;;
22B288;;
22B289;;
22B290;;400000
22B291;630000;
22B292;;115000
22B293;;
22B294;;150000
22B295;880000;
22B296;;
22B297;;
22B298;;
22B299;;
22B300;510000;
22B301;500000;
22B302;;
22B303;;
22B304;310000;
22B305;1010000;
22B306;1246324;
22B307;1912256;
22B309;1010000;
22B310;688824;
22B311;35000;
22C001;;
22C002;;
22C003;210000;
22C004;;
22C005;300000;
22C006;300000;
22C008;10000;
22C009;875000;
22C010;29370;
22C011;;
22C012;760000;
22C013;146260;
22C014;760000;
22C015;;150000
22C016;;
22C017;;
22C018;;
22C019;;
22C020;;300000
22C021;;90000
22C022;260000;
22C023;;
22C024;;
22C025;;
22C026;;
22C027;;90000
22C028;760000;
22C029;;740000
22C030;;350000
22C031;;140000
22C032;850000;
22C033;;
22C034;;
22C035;160000;
22C036;340000;
22C037;410000;
22C038;;90000
22C039;;
22C040;;
22C041;;
22C042;;
22C043;;650000
22C044;1215000;
22C045;;
22C046;360000;
22C047;;
22C048;804966;
22C049;;
22C050;1100000;
22C051;;90000
22C052;;
22C053;;
22C054;425000;
22C055;;
22C056;;
22C057;;
22C058;;
22C059;760000;
22C060;;650000
22C061;665000;
22C062;25000;
22C063;;715000
22C064;;
22C065;;
22C066;200000;
22C067;;
22C068;;
22C069;;
22C070;1200000;
22C071;550000;
22C072;1140000;
22C073;;
22C074;1000;
22C075;;
22C076;;
22C077;360000;
22C078;875000;
22C081;;
22C085;;
22C090;380000;
22C095;910000;
22C096;150000;
22D001;;
22D002;;170000
22D003;;
22D004;;
22D005;;
22D006;;150000
22D007;;
22D008;;
22D009;;400000
22D010;;400000
22D011;;400000
22D012;;
22D013;;250000
22D014;;
22D015;;
22D016;;150000
22D017;;
23B001;;800000
23B002;;130000
23B003;;1475000
23B004;;150000
23B005;;
23B006;;
23B007;;
23B008;;
23B009;;150000
23B010;;1510000
23B011;;
23B012;;
23B014;;
23B015;;
23B016;;
23B017;200000;
23B018;;150000
23B019;;
23B020;;435000
23B021;;
23B022;;650000
23B023;;550000
23B024;;150000
23B025;880000;
23B026;200000;
23B027;;800000
23B028;;
23B029;;
23B030;;
23B031;;650000
23B032;;
23B033;;800000
23B034;;
23B035;;800000
23B036;;
23B037;;400000
23B038;;
23B039;;
23B040;;150000
23B041;;
23B042;;800000
23B043;;800000
23B044;;150000
23B045;;
23B046;;800000
23B047;;
23B048;110000;
23B049;;510000
23B050;;
23B052;;750000
23B053;;1500000
23B054;;150000
23B055;;1510000
23B056;;
23B057;;1000000
23B058;;
23B059;;
23B060;;150000
23B061;;500000
23B062;;500000
23B063;880000;
23B064;;150000
23B065;;200000
23B066;;150000
23B067;;1210000
23B068;1360000;
23B069;;
23B070;;90000
23B071;;
23B072;;
23B073;;
23B074;;
23B075;;
23B076;;
23B077;;550000
23B078;;
23B079;;1200000
23B080;;650000
23B081;;150000
23B082;;150000
23B083;;
23B084;;
23B085;;
23B086;280000;
23B087;;
23B088;;800000
23B089;;800000
23B090;;800000
23B091;;550000
23B092;;750000
23B093;;150000
23B094;;1510000
23B095;;150000
23B096;;150000
23B097;;
23B098;;
23B099;;150000
23B100;;150000
23B101;;800000
23B102;;
23B103;;800000
23B104;;
23B105;;
23B106;;150000
23B107;;400000
23B108;;
23B109;;500000
23B110;;
23B111;;1465
23B112;;1510000
23B113;;800000
23B114;;150000
23B115;;150000
23B116;;570000
23B117;;
23B118;;650000
23B119;;700000
23B120;;1000000
23B121;;290000
23B122;;150000
23B123;;
23B124;;
23B125;;
23B126;;150000
23B127;;150000
23B128;;
23B129;;1510000
23B130;;150000
23B131;;150000
23B132;;
23B133;;800000
23B134;;150000
23B135;;150000
23B136;;
23B137;;900000
23B138;;800000
23B139;;
23B140;;800000
23B141;;650000
23B142;;150000
23B143;;1510000
23B145;;
23B146;;
23B147;;800000
23B148;;
23B149;610000;
23B150;;500000
23B151;;800000
23B152;;
23B153;;
23B154;;150000
23B155;;1000000
23B156;;150000
23B157;;
23B158;;500000
23B159;;150000
23B160;;
23B161;;
23B162;;
23B163;;150000
23B164;;200000
23B165;;150000
23B166;;1000000
23B167;;650000
23B168;;800000
23B169;;650000
23B170;;1510000
23B171;;350000
23B176;;800000
23B177;;150000
23B178;;800000
23B179;;800000
23B180;;
23B181;;660000
23B182;;
23B183;;
23B184;;
23B185;;390000
23B186;;800000
23B187;;150000
23B188;;1000000
23B189;;150000
23B190;;
23B191;;160000
23B192;;
23B193;;150000
23B194;;150000
23B195;;
23B196;;
23B197;;
23B198;;290000
23B199;;
23B200;;
23B201;;650000
23B2017;;
23B202;;1360000
23B203;1210000;
23B204;;1200000
23B205;;150000
23B206;;150000
23B207;;150000
23B208;;
23B209;;150000
23B210;;150000
23B211;;
23B212;;
23B213;;1510000
23B214;360000;
23B215;;250000
23B216;;150000
23B217;;460000
23B218;;650000
23B219;;510000
23B220;;
23B221;;1000000
23B222;;
23B223;;200000
23B224;;150000
23B225;;
23B226;;
23B227;;300000
23B228;;
23B230;;800000
23B231;;
23B232;;1200000
23B233;;800000
23B234;;
23B235;;
23B236;;460000
23B237;1246324;
23B238;1246324;
23B239;1246324;
23B240;1246324;
23B241;632724;
23B242;85;
23B243;1246324;
23B244;25;
23B245;1246324;
23B246;615824;
23B247;27555;
23B248;;2676
23B249;6;
23B250;1246324;
23B251;;1256
23B252;1246324;
23B253;14316;
23B254;;3634
23B255;6324;
23B256;6;
23B257;1246324;
23B258;6;
23B259;387020;
23B260;1246324;
23B261;;
23B262;77409;
23B263;;1676
23B264;1246324;
23B265;;53676
23B267;1246324;
23B268;590367;
23B269;;176
23B270;629724;
23B271;1246324;
23B272;1246324;
23B273;1246324;
23B274;1246324;
23B275;26245;
23B276;1246324;
23B277;;
23B278;324;
23B279;;800000
23B280;;
23B281;1246324;
23B282;;150000
23B283;324;
23B284;;
23B285;1246324;
23B286;530321;
23B287;410000;
23B288;1246324;
23B289;6;
23B290;1246324;
23B291;416324;
23B292;;
23B293;5;
23B294;1246324;
23B295;1246324;
23B296;;
23B297;575000;
23B298;;6554
23B299;1246324;
23B300;;3676
23B301;;800000
23B302;1246324;
23B303;1246324;
23B304;590367;
23B305;1246324;
23B306;;8676
23B307;4;
23B308;1246324;
23B309;1246324;
23B310;5;
23B311;1246324;
23B312;1210000;
23B313;;
23B314;;
23B320;60000;
23B321;1246324;
23B322;;10000
23B323;59042;
23B324;6;
23B325;6;
23B326;1246324;
23B327;;
23B328;;
23B329;;
23C001;;150000
23C002;;
23C003;;
23C004;;
23C005;;
23C006;;
23C007;963;
23C008;;
23C009;;
23C010;;
23C011;;
23C012;;650000
23C013;;250000
23C014;;150000
23C016;;150000
23C017;;
23C018;;
23C019;150000;
23C020;;150000
23C021;1200000;
23C022;;
23C023;;
23C024;;
23C025;;150000
23C026;;
23C027;60000;
23C029;;
23C031;;150000
23C038;760000;
23C040;360000;
23C041;;500000
23C042;;
23C043;360000;
23C044;;650000
23C045;;40000
23C046;410000;
23C048;;
23C049;;570000
23C050;;150000
23C051;;150000
23C052;;
23C053;;1000000
23C054;;1350000
23C055;;250000
23C057;260000;
23C058;;
23C059;550000;
23C060;;
23C061;;150000
23C062;;150000
23C063;;
23C064;;15000
23C065;;150000
23C066;400000;
23C067;;150000
23C068;;
23C069;465000;
23C070;100000;
23D001;;
23D002;;
23D003;;290000
23D004;;
23D005;;200000
23D006;;
23D007;;150000
23D008;;
23D009;;
23D010;;300000
23D011;;
23D012;;
23D013;;150000
23D014;;
