matricule;classe;mpc;credits_capitalized;total_credits_registered;total_credits;repeating;count_sem_registration
19B140;MVET5;1.34;31;60;60;0;3
21B178;MVET5;2.58;55;60;60;0;3
21B137;MVET5;2.47;47;60;60;0;3
21B242;MVET5;2.64;49;60;60;0;3
20B382;MVET5;2.7;51;60;60;0;3
21B190;MVET5;2.63;51;60;60;0;3
19B038;MVET5;2.81;52;60;60;0;3
21B127;MVET5;2.89;50;60;60;0;3
21B151;MVET5;2.79;56;60;60;0;3
21B046;MVET5;2.92;52;60;60;0;3
19B160;MVET5;1.99;34;60;60;0;3
20B376;MVET5;2.45;34;60;60;0;3
21B109;MVET5;2.65;47;60;60;0;3
20B391;MVET5;2.21;51;60;60;0;3
21B114;MVET5;2.3;35;60;60;0;3
21B174;MVET5;2.84;55;60;60;0;3
21B149;MVET5;2.57;43;60;60;0;3
20B357;MVET5;2.24;55;60;60;0;3
20B383;MVET5;2.6;51;60;60;0;3
21B138;MVET5;2.59;43;60;60;0;3
20B385;MVET5;2.27;51;60;60;0;3
21B119;MVET5;2.55;47;60;60;0;3
